code,hours_worked,hours_workedValue
E06000001,15less,3441
E06000001,16_30,8521
E06000001,31_48,22207
E06000001,49plus,3580
E06000002,15less,5683
E06000002,16_30,13341
E06000002,31_48,32556
E06000002,49plus,4854
E06000003,15less,5232
E06000003,16_30,12768
E06000003,31_48,31940
E06000003,49plus,5681
E06000004,15less,7625
E06000004,16_30,18060
E06000004,31_48,52004
E06000004,49plus,8754
E06000005,15less,4185
E06000005,16_30,9823
E06000005,31_48,30500
E06000005,49plus,4788
E06000006,15less,4613
E06000006,16_30,11055
E06000006,31_48,37863
E06000006,49plus,5175
E06000007,15less,9162
E06000007,16_30,18826
E06000007,31_48,65546
E06000007,49plus,9657
E06000008,15less,5863
E06000008,16_30,14711
E06000008,31_48,38715
E06000008,49plus,4268
E06000009,15less,6223
E06000009,16_30,13422
E06000009,31_48,34638
E06000009,49plus,5079
E06000010,15less,9459
E06000010,16_30,25233
E06000010,31_48,73103
E06000010,49plus,9994
E06000011,15less,15938
E06000011,16_30,32189
E06000011,31_48,87911
E06000011,49plus,20082
E06000012,15less,6588
E06000012,16_30,15233
E06000012,31_48,38913
E06000012,49plus,8115
E06000013,15less,7082
E06000013,16_30,15120
E06000013,31_48,45246
E06000013,49plus,8775
E06000014,15less,12037
E06000014,16_30,20634
E06000014,31_48,54704
E06000014,49plus,8823
E06000015,15less,10896
E06000015,16_30,24135
E06000015,31_48,72096
E06000015,49plus,9074
E06000016,15less,16608
E06000016,16_30,36736
E06000016,31_48,92168
E06000016,49plus,9422
E06000017,15less,2177
E06000017,16_30,3548
E06000017,31_48,10061
E06000017,49plus,2997
E06000018,15less,15071
E06000018,16_30,27835
E06000018,31_48,76165
E06000018,49plus,9796
E06000019,15less,9839
E06000019,16_30,18783
E06000019,31_48,47742
E06000019,49plus,12147
E06000020,15less,7164
E06000020,16_30,15467
E06000020,31_48,54198
E06000020,49plus,8668
E06000021,15less,9224
E06000021,16_30,22985
E06000021,31_48,70790
E06000021,49plus,9581
E06000022,15less,12067
E06000022,16_30,18817
E06000022,31_48,49585
E06000022,49plus,9343
E06000023,15less,24727
E06000023,16_30,46279
E06000023,31_48,147056
E06000023,49plus,20448
E06000024,15less,11232
E06000024,16_30,21733
E06000024,31_48,58675
E06000024,49plus,11062
E06000025,15less,14192
E06000025,16_30,29592
E06000025,31_48,90398
E06000025,49plus,13430
E06000026,15less,11999
E06000026,16_30,26127
E06000026,31_48,71595
E06000026,49plus,11297
E06000027,15less,6943
E06000027,16_30,14221
E06000027,31_48,32078
E06000027,49plus,5693
E06000030,15less,9588
E06000030,16_30,20643
E06000030,31_48,77579
E06000030,49plus,10056
E06000031,15less,8768
E06000031,16_30,19404
E06000031,31_48,62866
E06000031,49plus,9930
E06000032,15less,10454
E06000032,16_30,20566
E06000032,31_48,59062
E06000032,49plus,8639
E06000033,15less,9518
E06000033,16_30,16235
E06000033,31_48,48451
E06000033,49plus,9055
E06000034,15less,7878
E06000034,16_30,15103
E06000034,31_48,53072
E06000034,49plus,9895
E06000035,15less,12782
E06000035,16_30,24090
E06000035,31_48,79935
E06000035,49plus,15802
E06000036,15less,5918
E06000036,16_30,10654
E06000036,31_48,42029
E06000036,49plus,7796
E06000037,15less,8512
E06000037,16_30,13838
E06000037,31_48,49764
E06000037,49plus,10193
E06000038,15less,8681
E06000038,16_30,13984
E06000038,31_48,57921
E06000038,49plus,8277
E06000039,15less,7492
E06000039,16_30,13480
E06000039,31_48,46355
E06000039,49plus,6373
E06000040,15less,8051
E06000040,16_30,12021
E06000040,31_48,44700
E06000040,49plus,11530
E06000041,15less,9149
E06000041,16_30,14047
E06000041,31_48,55608
E06000041,49plus,10663
E06000042,15less,12397
E06000042,16_30,24189
E06000042,31_48,92935
E06000042,49plus,13857
E06000043,15less,18422
E06000043,16_30,28832
E06000043,31_48,79077
E06000043,49plus,12960
E06000044,15less,10778
E06000044,16_30,19757
E06000044,31_48,57812
E06000044,49plus,9440
E06000045,15less,12460
E06000045,16_30,23005
E06000045,31_48,71148
E06000045,49plus,11615
E06000046,15less,7253
E06000046,16_30,14579
E06000046,31_48,30756
E06000046,49plus,5322
E06000047,15less,19900
E06000047,16_30,43468
E06000047,31_48,137147
E06000047,49plus,21703
E06000049,15less,19795
E06000049,16_30,35764
E06000049,31_48,114307
E06000049,49plus,22621
E06000050,15less,17164
E06000050,16_30,32873
E06000050,31_48,101055
E06000050,49plus,17996
E06000051,15less,16243
E06000051,16_30,31647
E06000051,31_48,83886
E06000051,49plus,20647
E06000052,15less,31272
E06000052,16_30,59540
E06000052,31_48,134022
E06000052,49plus,29413
E06000053,15less,134
E06000053,16_30,212
E06000053,31_48,597
E06000053,49plus,171
E06000054,15less,26840
E06000054,16_30,47964
E06000054,31_48,146830
E06000054,49plus,30711
E06000055,15less,8812
E06000055,16_30,16011
E06000055,31_48,55968
E06000055,49plus,10074
E06000056,15less,14636
E06000056,16_30,25790
E06000056,31_48,92934
E06000056,49plus,17718
E06000057,15less,14253
E06000057,16_30,30161
E06000057,31_48,80360
E06000057,49plus,16003
E06000058,15less,21877
E06000058,16_30,38598
E06000058,31_48,107607
E06000058,49plus,17950
E06000059,15less,21420
E06000059,16_30,36955
E06000059,31_48,89075
E06000059,49plus,20327
E06000060,15less,30598
E06000060,16_30,47499
E06000060,31_48,157932
E06000060,49plus,37207
E06000061,15less,15223
E06000061,16_30,31446
E06000061,31_48,111942
E06000061,49plus,20244
E06000062,15less,19541
E06000062,16_30,37514
E06000062,31_48,134486
E06000062,49plus,24454
E07000008,15less,7812
E07000008,16_30,10913
E07000008,31_48,43695
E07000008,49plus,8179
E07000009,15less,4439
E07000009,16_30,8120
E07000009,31_48,26448
E07000009,49plus,5688
E07000010,15less,4219
E07000010,16_30,8570
E07000010,31_48,28284
E07000010,49plus,6035
E07000011,15less,8458
E07000011,16_30,15714
E07000011,31_48,56584
E07000011,49plus,10635
E07000012,15less,8202
E07000012,16_30,14550
E07000012,31_48,49901
E07000012,49plus,9614
E07000026,15less,4483
E07000026,16_30,9575
E07000026,31_48,25309
E07000026,49plus,4868
E07000027,15less,2666
E07000027,16_30,6593
E07000027,31_48,19866
E07000027,49plus,2058
E07000028,15less,5211
E07000028,16_30,11750
E07000028,31_48,29990
E07000028,49plus,5999
E07000029,15less,2530
E07000029,16_30,5873
E07000029,31_48,19710
E07000029,49plus,2457
E07000030,15less,3418
E07000030,16_30,5666
E07000030,31_48,13443
E07000030,49plus,4808
E07000031,15less,6634
E07000031,16_30,10803
E07000031,31_48,26675
E07000031,49plus,6025
E07000032,15less,5916
E07000032,16_30,11784
E07000032,31_48,36026
E07000032,49plus,6445
E07000033,15less,3137
E07000033,16_30,7497
E07000033,31_48,23380
E07000033,49plus,4086
E07000034,15less,4599
E07000034,16_30,10380
E07000034,31_48,28101
E07000034,49plus,4452
E07000035,15less,4380
E07000035,16_30,7204
E07000035,31_48,16633
E07000035,49plus,5011
E07000036,15less,5066
E07000036,16_30,10666
E07000036,31_48,34065
E07000036,49plus,5170
E07000037,15less,4701
E07000037,16_30,9280
E07000037,31_48,25786
E07000037,49plus,4847
E07000038,15less,4598
E07000038,16_30,10064
E07000038,31_48,26835
E07000038,49plus,5066
E07000039,15less,4638
E07000039,16_30,9680
E07000039,31_48,33110
E07000039,49plus,6478
E07000040,15less,8359
E07000040,16_30,15195
E07000040,31_48,35143
E07000040,49plus,8030
E07000041,15less,7394
E07000041,16_30,12409
E07000041,31_48,34634
E07000041,49plus,5263
E07000042,15less,4586
E07000042,16_30,8779
E07000042,31_48,21569
E07000042,49plus,5348
E07000043,15less,5651
E07000043,16_30,10598
E07000043,31_48,23636
E07000043,49plus,5278
E07000044,15less,5884
E07000044,16_30,9444
E07000044,31_48,20077
E07000044,49plus,5180
E07000045,15less,7295
E07000045,16_30,14271
E07000045,31_48,33592
E07000045,49plus,6979
E07000046,15less,3842
E07000046,16_30,7334
E07000046,31_48,14726
E07000046,49plus,4151
E07000047,15less,3397
E07000047,16_30,5685
E07000047,31_48,12630
E07000047,49plus,3672
E07000061,15less,5204
E07000061,16_30,9699
E07000061,31_48,24787
E07000061,49plus,4141
E07000062,15less,4740
E07000062,16_30,9470
E07000062,31_48,22762
E07000062,49plus,3926
E07000063,15less,5929
E07000063,16_30,9920
E07000063,31_48,23936
E07000063,49plus,4722
E07000064,15less,5203
E07000064,16_30,8422
E07000064,31_48,19656
E07000064,49plus,4653
E07000065,15less,10015
E07000065,16_30,15432
E07000065,31_48,39472
E07000065,49plus,9624
E07000066,15less,9070
E07000066,16_30,15966
E07000066,31_48,53719
E07000066,49plus,10256
E07000067,15less,8594
E07000067,16_30,14371
E07000067,31_48,43700
E07000067,49plus,9619
E07000068,15less,4223
E07000068,16_30,6165
E07000068,31_48,21744
E07000068,49plus,5771
E07000069,15less,4575
E07000069,16_30,8095
E07000069,31_48,23564
E07000069,49plus,4772
E07000070,15less,9697
E07000070,16_30,16139
E07000070,31_48,52813
E07000070,49plus,11213
E07000071,15less,10351
E07000071,16_30,18113
E07000071,31_48,52560
E07000071,49plus,10992
E07000072,15less,7815
E07000072,16_30,11819
E07000072,31_48,37039
E07000072,49plus,9123
E07000073,15less,4390
E07000073,16_30,8493
E07000073,31_48,28620
E07000073,49plus,4478
E07000074,15less,4057
E07000074,16_30,6042
E07000074,31_48,16921
E07000074,49plus,4236
E07000075,15less,4810
E07000075,16_30,7651
E07000075,31_48,23225
E07000075,49plus,4972
E07000076,15less,6940
E07000076,16_30,13218
E07000076,31_48,31130
E07000076,49plus,6993
E07000077,15less,5694
E07000077,16_30,8404
E07000077,31_48,25062
E07000077,49plus,6581
E07000078,15less,6458
E07000078,16_30,11696
E07000078,31_48,35580
E07000078,49plus,5423
E07000079,15less,5824
E07000079,16_30,8364
E07000079,31_48,23598
E07000079,49plus,6292
E07000080,15less,4698
E07000080,16_30,8248
E07000080,31_48,22316
E07000080,49plus,4728
E07000081,15less,5956
E07000081,16_30,13558
E07000081,31_48,40563
E07000081,49plus,5544
E07000082,15less,7237
E07000082,16_30,12590
E07000082,31_48,33708
E07000082,49plus,6384
E07000083,15less,4548
E07000083,16_30,9244
E07000083,31_48,27898
E07000083,49plus,4832
E07000084,15less,8743
E07000084,16_30,15390
E07000084,31_48,62171
E07000084,49plus,10669
E07000085,15less,7267
E07000085,16_30,11612
E07000085,31_48,34697
E07000085,49plus,8156
E07000086,15less,6892
E07000086,16_30,13597
E07000086,31_48,41562
E07000086,49plus,7466
E07000087,15less,5688
E07000087,16_30,10652
E07000087,31_48,33204
E07000087,49plus,6087
E07000088,15less,3585
E07000088,16_30,7635
E07000088,31_48,23135
E07000088,49plus,4131
E07000089,15less,5296
E07000089,16_30,8436
E07000089,31_48,29759
E07000089,49plus,6954
E07000090,15less,5916
E07000090,16_30,11992
E07000090,31_48,32705
E07000090,49plus,5755
E07000091,15less,10149
E07000091,16_30,16599
E07000091,31_48,42621
E07000091,49plus,9333
E07000092,15less,4560
E07000092,16_30,8689
E07000092,31_48,34125
E07000092,49plus,5641
E07000093,15less,6591
E07000093,16_30,11983
E07000093,31_48,39188
E07000093,49plus,8102
E07000094,15less,7594
E07000094,16_30,11335
E07000094,31_48,32954
E07000094,49plus,8690
E07000095,15less,5104
E07000095,16_30,9143
E07000095,31_48,28778
E07000095,49plus,5281
E07000096,15less,8384
E07000096,16_30,14010
E07000096,31_48,45046
E07000096,49plus,9759
E07000098,15less,6468
E07000098,16_30,9593
E07000098,31_48,29693
E07000098,49plus,7012
E07000099,15less,6904
E07000099,16_30,11953
E07000099,31_48,40500
E07000099,49plus,7801
E07000102,15less,5174
E07000102,16_30,8308
E07000102,31_48,27041
E07000102,49plus,6425
E07000103,15less,5061
E07000103,16_30,9246
E07000103,31_48,32858
E07000103,49plus,5694
E07000105,15less,6754
E07000105,16_30,11838
E07000105,31_48,36702
E07000105,49plus,8321
E07000106,15less,9225
E07000106,16_30,13838
E07000106,31_48,35357
E07000106,49plus,7744
E07000107,15less,5210
E07000107,16_30,9915
E07000107,31_48,37138
E07000107,49plus,6559
E07000108,15less,5631
E07000108,16_30,10533
E07000108,31_48,28511
E07000108,49plus,6251
E07000109,15less,4871
E07000109,16_30,9436
E07000109,31_48,29262
E07000109,49plus,6192
E07000110,15less,8741
E07000110,16_30,15525
E07000110,31_48,50706
E07000110,49plus,11437
E07000111,15less,6623
E07000111,16_30,10192
E07000111,31_48,31035
E07000111,49plus,8532
E07000112,15less,5399
E07000112,16_30,9761
E07000112,31_48,27109
E07000112,49plus,5549
E07000113,15less,6660
E07000113,16_30,12860
E07000113,31_48,40567
E07000113,49plus,9116
E07000114,15less,6864
E07000114,16_30,13294
E07000114,31_48,32623
E07000114,49plus,6409
E07000115,15less,6872
E07000115,16_30,11657
E07000115,31_48,37086
E07000115,49plus,8811
E07000116,15less,6414
E07000116,16_30,10239
E07000116,31_48,31163
E07000116,49plus,8082
E07000117,15less,3348
E07000117,16_30,8506
E07000117,31_48,25374
E07000117,49plus,2806
E07000118,15less,5123
E07000118,16_30,10621
E07000118,31_48,35318
E07000118,49plus,6182
E07000119,15less,4034
E07000119,16_30,7041
E07000119,31_48,20822
E07000119,49plus,3818
E07000120,15less,2893
E07000120,16_30,7104
E07000120,31_48,22795
E07000120,49plus,2837
E07000121,15less,7586
E07000121,16_30,13750
E07000121,31_48,34451
E07000121,49plus,6613
E07000122,15less,3909
E07000122,16_30,8893
E07000122,31_48,23657
E07000122,49plus,3164
E07000123,15less,6930
E07000123,16_30,14263
E07000123,31_48,40027
E07000123,49plus,5414
E07000124,15less,3132
E07000124,16_30,5548
E07000124,31_48,17587
E07000124,49plus,4118
E07000125,15less,2925
E07000125,16_30,6446
E07000125,31_48,20294
E07000125,49plus,3451
E07000126,15less,4603
E07000126,16_30,10088
E07000126,31_48,34628
E07000126,49plus,5392
E07000127,15less,5810
E07000127,16_30,10517
E07000127,31_48,31281
E07000127,49plus,5938
E07000128,15less,5094
E07000128,16_30,10310
E07000128,31_48,27049
E07000128,49plus,5382
E07000129,15less,4611
E07000129,16_30,9952
E07000129,31_48,31671
E07000129,49plus,5212
E07000130,15less,8944
E07000130,16_30,16641
E07000130,31_48,50718
E07000130,49plus,8496
E07000131,15less,5206
E07000131,16_30,9101
E07000131,31_48,27964
E07000131,49plus,6500
E07000132,15less,5034
E07000132,16_30,10548
E07000132,31_48,34150
E07000132,49plus,6154
E07000133,15less,2750
E07000133,16_30,4973
E07000133,31_48,14288
E07000133,49plus,3453
E07000134,15less,4760
E07000134,16_30,9170
E07000134,31_48,31766
E07000134,49plus,6265
E07000135,15less,2593
E07000135,16_30,5446
E07000135,31_48,15716
E07000135,49plus,2234
E07000136,15less,2729
E07000136,16_30,6652
E07000136,31_48,19918
E07000136,49plus,4332
E07000137,15less,6577
E07000137,16_30,12738
E07000137,31_48,28556
E07000137,49plus,7706
E07000138,15less,5591
E07000138,16_30,9417
E07000138,31_48,27478
E07000138,49plus,4232
E07000139,15less,5354
E07000139,16_30,10529
E07000139,31_48,33773
E07000139,49plus,7236
E07000140,15less,3790
E07000140,16_30,7951
E07000140,31_48,26644
E07000140,49plus,6849
E07000141,15less,6832
E07000141,16_30,12955
E07000141,31_48,39658
E07000141,49plus,8748
E07000142,15less,4505
E07000142,16_30,8489
E07000142,31_48,23610
E07000142,49plus,5532
E07000143,15less,7119
E07000143,16_30,12862
E07000143,31_48,36910
E07000143,49plus,8747
E07000144,15less,7120
E07000144,16_30,13671
E07000144,31_48,35015
E07000144,49plus,6783
E07000145,15less,4801
E07000145,16_30,9487
E07000145,31_48,22422
E07000145,49plus,4429
E07000146,15less,7291
E07000146,16_30,14231
E07000146,31_48,38895
E07000146,49plus,8803
E07000147,15less,6006
E07000147,16_30,9703
E07000147,31_48,20901
E07000147,49plus,5048
E07000148,15less,8039
E07000148,16_30,13934
E07000148,31_48,38164
E07000148,49plus,5585
E07000149,15less,7628
E07000149,16_30,14089
E07000149,31_48,37418
E07000149,49plus,8614
E07000163,15less,3345
E07000163,16_30,5467
E07000163,31_48,14333
E07000163,49plus,3986
E07000164,15less,4721
E07000164,16_30,8795
E07000164,31_48,23371
E07000164,49plus,6517
E07000165,15less,8848
E07000165,16_30,15522
E07000165,31_48,44623
E07000165,49plus,10692
E07000166,15less,2660
E07000166,16_30,4618
E07000166,31_48,13002
E07000166,49plus,4399
E07000167,15less,3093
E07000167,16_30,5393
E07000167,31_48,13478
E07000167,49plus,3997
E07000168,15less,5623
E07000168,16_30,11198
E07000168,31_48,24536
E07000168,49plus,5192
E07000169,15less,4192
E07000169,16_30,8552
E07000169,31_48,27566
E07000169,49plus,5814
E07000170,15less,4786
E07000170,16_30,11451
E07000170,31_48,36725
E07000170,49plus,5468
E07000171,15less,5143
E07000171,16_30,11315
E07000171,31_48,32043
E07000171,49plus,6416
E07000172,15less,4985
E07000172,16_30,10317
E07000172,31_48,31844
E07000172,49plus,4768
E07000173,15less,5149
E07000173,16_30,11699
E07000173,31_48,33903
E07000173,49plus,5438
E07000174,15less,4360
E07000174,16_30,10413
E07000174,31_48,31414
E07000174,49plus,5180
E07000175,15less,5734
E07000175,16_30,10882
E07000175,31_48,33327
E07000175,49plus,7171
E07000176,15less,5799
E07000176,16_30,10725
E07000176,31_48,33528
E07000176,49plus,6924
E07000177,15less,7825
E07000177,16_30,14807
E07000177,31_48,52841
E07000177,49plus,9499
E07000178,15less,8857
E07000178,16_30,12717
E07000178,31_48,43899
E07000178,49plus,7853
E07000179,15less,8124
E07000179,16_30,13391
E07000179,31_48,45106
E07000179,49plus,9855
E07000180,15less,6631
E07000180,16_30,12180
E07000180,31_48,43896
E07000180,49plus,8157
E07000181,15less,6256
E07000181,16_30,10579
E07000181,31_48,34764
E07000181,49plus,7327
E07000187,15less,7295
E07000187,16_30,12210
E07000187,31_48,28981
E07000187,49plus,7182
E07000188,15less,6263
E07000188,16_30,12027
E07000188,31_48,33555
E07000188,49plus,7302
E07000189,15less,8630
E07000189,16_30,16839
E07000189,31_48,45912
E07000189,49plus,9548
E07000192,15less,4216
E07000192,16_30,9390
E07000192,31_48,29813
E07000192,49plus,5458
E07000193,15less,5484
E07000193,16_30,10958
E07000193,31_48,36028
E07000193,49plus,6848
E07000194,15less,5262
E07000194,16_30,9415
E07000194,31_48,29257
E07000194,49plus,6538
E07000195,15less,5257
E07000195,16_30,11231
E07000195,31_48,34557
E07000195,49plus,5637
E07000196,15less,5183
E07000196,16_30,9920
E07000196,31_48,29642
E07000196,49plus,5954
E07000197,15less,6261
E07000197,16_30,12044
E07000197,31_48,39195
E07000197,49plus,8266
E07000198,15less,4598
E07000198,16_30,8957
E07000198,31_48,25615
E07000198,49plus,5865
E07000199,15less,3248
E07000199,16_30,7059
E07000199,31_48,24114
E07000199,49plus,3737
E07000200,15less,5421
E07000200,16_30,8912
E07000200,31_48,23369
E07000200,49plus,5255
E07000202,15less,6730
E07000202,16_30,14038
E07000202,31_48,39598
E07000202,49plus,6660
E07000203,15less,5744
E07000203,16_30,9965
E07000203,31_48,27543
E07000203,49plus,6771
E07000207,15less,7819
E07000207,16_30,11146
E07000207,31_48,36120
E07000207,49plus,11897
E07000208,15less,4291
E07000208,16_30,6929
E07000208,31_48,23623
E07000208,49plus,5066
E07000209,15less,8478
E07000209,16_30,11683
E07000209,31_48,39744
E07000209,49plus,9869
E07000210,15less,5437
E07000210,16_30,7692
E07000210,31_48,23132
E07000210,49plus,6080
E07000211,15less,8043
E07000211,16_30,13015
E07000211,31_48,44451
E07000211,49plus,9618
E07000212,15less,5215
E07000212,16_30,7107
E07000212,31_48,24677
E07000212,49plus,5458
E07000213,15less,4992
E07000213,16_30,8722
E07000213,31_48,32083
E07000213,49plus,5742
E07000214,15less,4659
E07000214,16_30,7725
E07000214,31_48,27139
E07000214,49plus,5840
E07000215,15less,4896
E07000215,16_30,7593
E07000215,31_48,23964
E07000215,49plus,6122
E07000216,15less,7740
E07000216,16_30,11152
E07000216,31_48,32672
E07000216,49plus,9158
E07000217,15less,5531
E07000217,16_30,8792
E07000217,31_48,31711
E07000217,49plus,6708
E07000218,15less,2913
E07000218,16_30,5913
E07000218,31_48,19336
E07000218,49plus,3592
E07000219,15less,5095
E07000219,16_30,11966
E07000219,31_48,40460
E07000219,49plus,5593
E07000220,15less,4994
E07000220,16_30,9547
E07000220,31_48,36959
E07000220,49plus,6606
E07000221,15less,7823
E07000221,16_30,12446
E07000221,31_48,36968
E07000221,49plus,8999
E07000222,15less,7788
E07000222,16_30,12597
E07000222,31_48,44328
E07000222,49plus,8035
E07000223,15less,3437
E07000223,16_30,6764
E07000223,31_48,16875
E07000223,49plus,2749
E07000224,15less,9099
E07000224,16_30,15675
E07000224,31_48,40561
E07000224,49plus,7856
E07000225,15less,7926
E07000225,16_30,11612
E07000225,31_48,29448
E07000225,49plus,7379
E07000226,15less,6322
E07000226,16_30,11132
E07000226,31_48,36266
E07000226,49plus,5179
E07000227,15less,9144
E07000227,16_30,13681
E07000227,31_48,40356
E07000227,49plus,8986
E07000228,15less,8973
E07000228,16_30,14525
E07000228,31_48,43860
E07000228,49plus,9214
E07000229,15less,6050
E07000229,16_30,11417
E07000229,31_48,31338
E07000229,49plus,4752
E07000234,15less,4780
E07000234,16_30,9234
E07000234,31_48,27520
E07000234,49plus,5753
E07000235,15less,4397
E07000235,16_30,7757
E07000235,31_48,19218
E07000235,49plus,4428
E07000236,15less,3675
E07000236,16_30,7887
E07000236,31_48,27280
E07000236,49plus,3850
E07000237,15less,5101
E07000237,16_30,10355
E07000237,31_48,31303
E07000237,49plus,4869
E07000238,15less,6891
E07000238,16_30,12156
E07000238,31_48,36385
E07000238,49plus,8228
E07000239,15less,4465
E07000239,16_30,9833
E07000239,31_48,26608
E07000239,49plus,4883
E07000240,15less,8037
E07000240,16_30,12552
E07000240,31_48,40974
E07000240,49plus,11308
E07000241,15less,6773
E07000241,16_30,10529
E07000241,31_48,34414
E07000241,49plus,6433
E07000242,15less,8653
E07000242,16_30,13325
E07000242,31_48,44328
E07000242,49plus,10218
E07000243,15less,4066
E07000243,16_30,8221
E07000243,31_48,29016
E07000243,49plus,4154
E07000244,15less,13502
E07000244,16_30,23342
E07000244,31_48,56377
E07000244,49plus,13144
E07000245,15less,8639
E07000245,16_30,15970
E07000245,31_48,53528
E07000245,49plus,11482
E07000246,15less,8010
E07000246,16_30,15614
E07000246,31_48,40916
E07000246,49plus,8754
E08000001,15less,11725
E08000001,16_30,27750
E08000001,31_48,75764
E08000001,49plus,10199
E08000002,15less,8126
E08000002,16_30,18005
E08000002,31_48,54514
E08000002,49plus,7838
E08000003,15less,25672
E08000003,16_30,48753
E08000003,31_48,142505
E08000003,49plus,17353
E08000004,15less,9088
E08000004,16_30,22246
E08000004,31_48,59308
E08000004,49plus,7564
E08000005,15less,8024
E08000005,16_30,19554
E08000005,31_48,59047
E08000005,49plus,7834
E08000006,15less,11306
E08000006,16_30,23988
E08000006,31_48,81921
E08000006,49plus,10391
E08000007,15less,13170
E08000007,16_30,27032
E08000007,31_48,86908
E08000007,49plus,12697
E08000008,15less,8523
E08000008,16_30,20690
E08000008,31_48,68222
E08000008,49plus,8219
E08000009,15less,10658
E08000009,16_30,20998
E08000009,31_48,68817
E08000009,49plus,11085
E08000010,15less,12340
E08000010,16_30,29585
E08000010,31_48,98905
E08000010,49plus,13784
E08000011,15less,5416
E08000011,16_30,14661
E08000011,31_48,44340
E08000011,49plus,5075
E08000012,15less,21722
E08000012,16_30,43205
E08000012,31_48,125475
E08000012,49plus,15348
E08000013,15less,6605
E08000013,16_30,15741
E08000013,31_48,52995
E08000013,49plus,7282
E08000014,15less,12151
E08000014,16_30,26895
E08000014,31_48,74317
E08000014,49plus,11234
E08000015,15less,13409
E08000015,16_30,29540
E08000015,31_48,84595
E08000015,49plus,11959
E08000016,15less,9142
E08000016,16_30,22850
E08000016,31_48,68527
E08000016,49plus,11161
E08000017,15less,11361
E08000017,16_30,28521
E08000017,31_48,83659
E08000017,49plus,14317
E08000018,15less,9993
E08000018,16_30,25040
E08000018,31_48,71465
E08000018,49plus,11305
E08000019,15less,25656
E08000019,16_30,54640
E08000019,31_48,142795
E08000019,49plus,18916
E08000021,15less,14916
E08000021,16_30,26898
E08000021,31_48,72848
E08000021,49plus,10415
E08000022,15less,7898
E08000022,16_30,20231
E08000022,31_48,60931
E08000022,49plus,8205
E08000023,15less,5108
E08000023,16_30,13427
E08000023,31_48,38273
E08000023,49plus,5700
E08000024,15less,9391
E08000024,16_30,25313
E08000024,31_48,73524
E08000024,49plus,8924
E08000025,15less,49418
E08000025,16_30,96764
E08000025,31_48,261443
E08000025,49plus,34793
E08000026,15less,14424
E08000026,16_30,28615
E08000026,31_48,95752
E08000026,49plus,11352
E08000027,15less,13105
E08000027,16_30,29703
E08000027,31_48,88508
E08000027,49plus,13324
E08000028,15less,12726
E08000028,16_30,29568
E08000028,31_48,87725
E08000028,49plus,11053
E08000029,15less,9825
E08000029,16_30,18037
E08000029,31_48,59863
E08000029,49plus,10214
E08000030,15less,10648
E08000030,16_30,25252
E08000030,31_48,71975
E08000030,49plus,10658
E08000031,15less,9886
E08000031,16_30,22279
E08000031,31_48,69418
E08000031,49plus,9726
E08000032,15less,21924
E08000032,16_30,52883
E08000032,31_48,129284
E08000032,49plus,17046
E08000033,15less,9199
E08000033,16_30,19957
E08000033,31_48,55532
E08000033,49plus,8693
E08000034,15less,18857
E08000034,16_30,41776
E08000034,31_48,112439
E08000034,49plus,17012
E08000035,15less,35882
E08000035,16_30,73020
E08000035,31_48,231990
E08000035,49plus,33172
E08000036,15less,12950
E08000036,16_30,32221
E08000036,31_48,103426
E08000036,49plus,16044
E08000037,15less,7400
E08000037,16_30,18135
E08000037,31_48,54932
E08000037,49plus,7051
E09000001,15less,386
E09000001,16_30,499
E09000001,31_48,2760
E09000001,49plus,1706
E09000002,15less,10801
E09000002,16_30,20086
E09000002,31_48,55490
E09000002,49plus,8211
E09000003,15less,23760
E09000003,16_30,35920
E09000003,31_48,101785
E09000003,49plus,24710
E09000004,15less,11593
E09000004,16_30,20988
E09000004,31_48,73640
E09000004,49plus,11764
E09000005,15less,18564
E09000005,16_30,30956
E09000005,31_48,93506
E09000005,49plus,17971
E09000006,15less,16708
E09000006,16_30,27359
E09000006,31_48,97180
E09000006,49plus,20875
E09000007,15less,11879
E09000007,16_30,15126
E09000007,31_48,55453
E09000007,49plus,20053
E09000008,15less,20311
E09000008,16_30,35258
E09000008,31_48,114645
E09000008,49plus,19191
E09000009,15less,19422
E09000009,16_30,31572
E09000009,31_48,103442
E09000009,49plus,20590
E09000010,15less,17931
E09000010,16_30,32888
E09000010,31_48,79164
E09000010,49plus,13881
E09000011,15less,13717
E09000011,16_30,24120
E09000011,31_48,87019
E09000011,49plus,18081
E09000012,15less,14022
E09000012,16_30,25452
E09000012,31_48,76457
E09000012,49plus,18379
E09000013,15less,9497
E09000013,16_30,13108
E09000013,31_48,56608
E09000013,49plus,18880
E09000014,15less,16523
E09000014,16_30,26943
E09000014,31_48,74963
E09000014,49plus,15952
E09000015,15less,13761
E09000015,16_30,22778
E09000015,31_48,73682
E09000015,49plus,14816
E09000016,15less,12636
E09000016,16_30,22574
E09000016,31_48,76496
E09000016,49plus,13075
E09000017,15less,14778
E09000017,16_30,25736
E09000017,31_48,87797
E09000017,49plus,14492
E09000018,15less,15624
E09000018,16_30,24697
E09000018,31_48,84207
E09000018,49plus,14272
E09000019,15less,11025
E09000019,16_30,15871
E09000019,31_48,67481
E09000019,49plus,20593
E09000020,15less,7610
E09000020,16_30,9995
E09000020,31_48,33155
E09000020,49plus,18680
E09000021,15less,9292
E09000021,16_30,14343
E09000021,31_48,49806
E09000021,49plus,10707
E09000022,15less,16700
E09000022,16_30,25925
E09000022,31_48,112911
E09000022,49plus,27282
E09000023,15less,16083
E09000023,16_30,28089
E09000023,31_48,94030
E09000023,49plus,17510
E09000024,15less,11570
E09000024,16_30,18726
E09000024,31_48,66670
E09000024,49plus,15099
E09000025,15less,18670
E09000025,16_30,34028
E09000025,31_48,94325
E09000025,49plus,16422
E09000026,15less,16639
E09000026,16_30,28204
E09000026,31_48,81723
E09000026,49plus,15062
E09000027,15less,10880
E09000027,16_30,14990
E09000027,31_48,54047
E09000027,49plus,17648
E09000028,15less,16582
E09000028,16_30,25386
E09000028,31_48,99680
E09000028,49plus,25300
E09000029,15less,10702
E09000029,16_30,18501
E09000029,31_48,64135
E09000029,49plus,10888
E09000030,15less,15607
E09000030,16_30,25230
E09000030,31_48,90675
E09000030,49plus,23880
E09000031,15less,15075
E09000031,16_30,25668
E09000031,31_48,84719
E09000031,49plus,14909
E09000032,15less,15478
E09000032,16_30,23170
E09000032,31_48,115966
E09000032,49plus,35828
E09000033,15less,10669
E09000033,16_30,13969
E09000033,31_48,51876
E09000033,49plus,25228
