code,occupation,occupationValue
E06000001,management,3348
E06000001,professional,5838
E06000001,technical,4497
E06000001,admin,3391
E06000001,skilledTrade,4736
E06000001,service,4381
E06000001,sales,3613
E06000001,manual,3622
E06000001,elementary,4323
E06000002,management,4409
E06000002,professional,8996
E06000002,technical,6109
E06000002,admin,4856
E06000002,skilledTrade,5906
E06000002,service,7578
E06000002,sales,5394
E06000002,manual,5577
E06000002,elementary,7609
E06000003,management,4801
E06000003,professional,8411
E06000003,technical,6605
E06000003,admin,4983
E06000003,skilledTrade,6800
E06000003,service,7430
E06000003,sales,4760
E06000003,manual,5345
E06000003,elementary,6488
E06000004,management,8985
E06000004,professional,16671
E06000004,technical,10903
E06000004,admin,8413
E06000004,skilledTrade,8868
E06000004,service,8858
E06000004,sales,7330
E06000004,manual,6993
E06000004,elementary,9421
E06000005,management,5230
E06000005,professional,8463
E06000005,technical,5973
E06000005,admin,4961
E06000005,skilledTrade,5042
E06000005,service,4895
E06000005,sales,4657
E06000005,manual,3847
E06000005,elementary,6228
E06000006,management,5870
E06000006,professional,8767
E06000006,technical,7260
E06000006,admin,5877
E06000006,skilledTrade,5667
E06000006,service,5585
E06000006,sales,6143
E06000006,manual,5884
E06000006,elementary,7653
E06000007,management,13604
E06000007,professional,20853
E06000007,technical,13972
E06000007,admin,10010
E06000007,skilledTrade,8742
E06000007,service,8344
E06000007,sales,8503
E06000007,manual,7152
E06000007,elementary,12011
E06000008,management,5966
E06000008,professional,10409
E06000008,technical,6781
E06000008,admin,6291
E06000008,skilledTrade,6744
E06000008,service,7201
E06000008,sales,6277
E06000008,manual,6470
E06000008,elementary,7417
E06000009,management,6200
E06000009,professional,7502
E06000009,technical,6001
E06000009,admin,6631
E06000009,skilledTrade,6480
E06000009,service,8632
E06000009,sales,5743
E06000009,manual,4715
E06000009,elementary,7458
E06000010,management,8253
E06000010,professional,14557
E06000010,technical,11961
E06000010,admin,9378
E06000010,skilledTrade,15820
E06000010,service,13117
E06000010,sales,11993
E06000010,manual,14573
E06000010,elementary,18137
E06000011,management,21363
E06000011,professional,28215
E06000011,technical,19406
E06000011,admin,14215
E06000011,skilledTrade,19462
E06000011,service,14891
E06000011,sales,11084
E06000011,manual,11365
E06000011,elementary,16118
E06000012,management,6058
E06000012,professional,8490
E06000012,technical,7328
E06000012,admin,5865
E06000012,skilledTrade,8108
E06000012,service,7344
E06000012,sales,5685
E06000012,manual,10396
E06000012,elementary,9577
E06000013,management,8279
E06000013,professional,10321
E06000013,technical,8278
E06000013,admin,6393
E06000013,skilledTrade,9215
E06000013,service,7323
E06000013,sales,6003
E06000013,manual,10070
E06000013,elementary,10341
E06000014,management,11603
E06000014,professional,23463
E06000014,technical,12626
E06000014,admin,8190
E06000014,skilledTrade,8627
E06000014,service,8466
E06000014,sales,8205
E06000014,manual,4966
E06000014,elementary,10052
E06000015,management,10517
E06000015,professional,21692
E06000015,technical,13293
E06000015,admin,9880
E06000015,skilledTrade,10981
E06000015,service,11704
E06000015,sales,9862
E06000015,manual,11558
E06000015,elementary,16713
E06000016,management,11006
E06000016,professional,24074
E06000016,technical,13678
E06000016,admin,12354
E06000016,skilledTrade,12069
E06000016,service,15552
E06000016,sales,14761
E06000016,manual,22261
E06000016,elementary,29181
E06000017,management,3426
E06000017,professional,3567
E06000017,technical,3063
E06000017,admin,1583
E06000017,skilledTrade,1897
E06000017,service,1577
E06000017,sales,1051
E06000017,manual,1021
E06000017,elementary,1598
E06000018,management,10297
E06000018,professional,24432
E06000018,technical,14343
E06000018,admin,10112
E06000018,skilledTrade,10634
E06000018,service,14291
E06000018,sales,12113
E06000018,manual,11229
E06000018,elementary,21415
E06000019,management,11979
E06000019,professional,14131
E06000019,technical,9965
E06000019,admin,7964
E06000019,skilledTrade,12927
E06000019,service,8686
E06000019,sales,6212
E06000019,manual,6943
E06000019,elementary,9700
E06000020,management,9152
E06000020,professional,14031
E06000020,technical,10426
E06000020,admin,7686
E06000020,skilledTrade,8883
E06000020,service,8386
E06000020,sales,6757
E06000020,manual,9432
E06000020,elementary,10745
E06000021,management,8808
E06000021,professional,14100
E06000021,technical,10978
E06000021,admin,9334
E06000021,skilledTrade,13468
E06000021,service,13618
E06000021,sales,11057
E06000021,manual,12577
E06000021,elementary,18639
E06000022,management,13076
E06000022,professional,22044
E06000022,technical,12201
E06000022,admin,7921
E06000022,skilledTrade,8841
E06000022,service,7631
E06000022,sales,5875
E06000022,manual,4102
E06000022,elementary,8121
E06000023,management,24219
E06000023,professional,64929
E06000023,technical,35165
E06000023,admin,20448
E06000023,skilledTrade,19912
E06000023,service,19568
E06000023,sales,16410
E06000023,manual,13017
E06000023,elementary,24845
E06000024,management,14625
E06000024,professional,20359
E06000024,technical,13585
E06000024,admin,10134
E06000024,skilledTrade,10436
E06000024,service,10139
E06000024,sales,7377
E06000024,manual,6711
E06000024,elementary,9336
E06000025,management,17918
E06000025,professional,31300
E06000025,technical,19437
E06000025,admin,17372
E06000025,skilledTrade,16114
E06000025,service,12405
E06000025,sales,10669
E06000025,manual,8855
E06000025,elementary,13542
E06000026,management,10874
E06000026,professional,20138
E06000026,technical,15675
E06000026,admin,11406
E06000026,skilledTrade,15496
E06000026,service,13823
E06000026,sales,11112
E06000026,manual,9029
E06000026,elementary,13465
E06000027,management,7199
E06000027,professional,8239
E06000027,technical,6364
E06000027,admin,4952
E06000027,skilledTrade,7759
E06000027,service,8347
E06000027,sales,5143
E06000027,manual,4109
E06000027,elementary,6821
E06000030,management,12567
E06000030,professional,21222
E06000030,technical,14798
E06000030,admin,11300
E06000030,skilledTrade,11519
E06000030,service,10317
E06000030,sales,9729
E06000030,manual,10909
E06000030,elementary,15504
E06000031,management,9979
E06000031,professional,15830
E06000031,technical,11291
E06000031,admin,9118
E06000031,skilledTrade,8947
E06000031,service,9135
E06000031,sales,8723
E06000031,manual,11152
E06000031,elementary,16793
E06000032,management,8547
E06000032,professional,15550
E06000032,technical,9938
E06000032,admin,8433
E06000032,skilledTrade,9659
E06000032,service,10526
E06000032,sales,7854
E06000032,manual,11485
E06000032,elementary,16729
E06000033,management,10787
E06000033,professional,15911
E06000033,technical,11769
E06000033,admin,9250
E06000033,skilledTrade,8227
E06000033,service,8171
E06000033,sales,6369
E06000033,manual,5062
E06000033,elementary,7714
E06000034,management,9480
E06000034,professional,12527
E06000034,technical,9673
E06000034,admin,10207
E06000034,skilledTrade,9661
E06000034,service,7211
E06000034,sales,7076
E06000034,manual,8615
E06000034,elementary,11498
E06000035,management,14826
E06000035,professional,21929
E06000035,technical,17307
E06000035,admin,13910
E06000035,skilledTrade,15896
E06000035,service,12828
E06000035,sales,10137
E06000035,manual,11111
E06000035,elementary,14666
E06000036,management,10132
E06000036,professional,13742
E06000036,technical,10767
E06000036,admin,6650
E06000036,skilledTrade,6604
E06000036,service,5981
E06000036,sales,4304
E06000036,manual,2967
E06000036,elementary,5251
E06000037,management,13269
E06000037,professional,18327
E06000037,technical,12023
E06000037,admin,7806
E06000037,skilledTrade,8216
E06000037,service,7031
E06000037,sales,5211
E06000037,manual,4027
E06000037,elementary,6397
E06000038,management,9390
E06000038,professional,22757
E06000038,technical,11993
E06000038,admin,7062
E06000038,skilledTrade,6953
E06000038,service,8079
E06000038,sales,6736
E06000038,manual,5095
E06000038,elementary,10803
E06000039,management,7303
E06000039,professional,13888
E06000039,technical,8098
E06000039,admin,6736
E06000039,skilledTrade,6230
E06000039,service,6884
E06000039,sales,6122
E06000039,manual,7650
E06000039,elementary,10790
E06000040,management,15930
E06000040,professional,18678
E06000040,technical,12666
E06000040,admin,6582
E06000040,skilledTrade,5784
E06000040,service,5427
E06000040,sales,3770
E06000040,manual,2848
E06000040,elementary,4617
E06000041,management,15849
E06000041,professional,25529
E06000041,technical,14751
E06000041,admin,8325
E06000041,skilledTrade,6594
E06000041,service,5939
E06000041,sales,4739
E06000041,manual,3103
E06000041,elementary,4638
E06000042,management,18299
E06000042,professional,30540
E06000042,technical,19938
E06000042,admin,13825
E06000042,skilledTrade,11004
E06000042,service,11017
E06000042,sales,11353
E06000042,manual,9345
E06000042,elementary,18057
E06000043,management,19701
E06000043,professional,36478
E06000043,technical,23620
E06000043,admin,10344
E06000043,skilledTrade,10753
E06000043,service,12075
E06000043,sales,10144
E06000043,manual,5135
E06000043,elementary,11042
E06000044,management,9806
E06000044,professional,18084
E06000044,technical,12207
E06000044,admin,8982
E06000044,skilledTrade,10663
E06000044,service,10674
E06000044,sales,8481
E06000044,manual,7288
E06000044,elementary,11602
E06000045,management,10223
E06000045,professional,23404
E06000045,technical,14011
E06000045,admin,9892
E06000045,skilledTrade,12153
E06000045,service,12651
E06000045,sales,9903
E06000045,manual,10307
E06000045,elementary,15684
E06000046,management,7243
E06000046,professional,8981
E06000046,technical,6602
E06000046,admin,4850
E06000046,skilledTrade,8084
E06000046,service,7591
E06000046,sales,5104
E06000046,manual,3588
E06000046,elementary,5870
E06000047,management,22537
E06000047,professional,37179
E06000047,technical,26917
E06000047,admin,21178
E06000047,skilledTrade,26099
E06000047,service,23112
E06000047,sales,19432
E06000047,manual,20568
E06000047,elementary,25193
E06000049,management,31910
E06000049,professional,41211
E06000049,technical,26358
E06000049,admin,17063
E06000049,skilledTrade,17214
E06000049,service,15574
E06000049,sales,13131
E06000049,manual,11778
E06000049,elementary,18249
E06000050,management,23721
E06000050,professional,34739
E06000050,technical,22261
E06000050,admin,14966
E06000050,skilledTrade,15809
E06000050,service,14821
E06000050,sales,13851
E06000050,manual,11667
E06000050,elementary,17253
E06000051,management,21180
E06000051,professional,26819
E06000051,technical,18664
E06000051,admin,13271
E06000051,skilledTrade,21109
E06000051,service,15219
E06000051,sales,10852
E06000051,manual,10178
E06000051,elementary,15132
E06000052,management,32386
E06000052,professional,39181
E06000052,technical,28474
E06000052,admin,20774
E06000052,skilledTrade,39684
E06000052,service,28356
E06000052,sales,20800
E06000052,manual,17293
E06000052,elementary,27300
E06000053,management,191
E06000053,professional,139
E06000053,technical,124
E06000053,admin,75
E06000053,skilledTrade,191
E06000053,service,150
E06000053,sales,84
E06000053,manual,65
E06000053,elementary,94
E06000054,management,36607
E06000054,professional,46920
E06000054,technical,37260
E06000054,admin,25833
E06000054,skilledTrade,28608
E06000054,service,22686
E06000054,sales,16548
E06000054,manual,15405
E06000054,elementary,22478
E06000055,management,11797
E06000055,professional,18284
E06000055,technical,12254
E06000055,admin,8152
E06000055,skilledTrade,8798
E06000055,service,8128
E06000055,sales,6498
E06000055,manual,6134
E06000055,elementary,10820
E06000056,management,22832
E06000056,professional,29383
E06000056,technical,22805
E06000056,admin,15297
E06000056,skilledTrade,16739
E06000056,service,12379
E06000056,sales,9605
E06000056,manual,9246
E06000056,elementary,12791
E06000057,management,17405
E06000057,professional,24722
E06000057,technical,17034
E06000057,admin,13435
E06000057,skilledTrade,16928
E06000057,service,15432
E06000057,sales,12010
E06000057,manual,9968
E06000057,elementary,13843
E06000058,management,24266
E06000058,professional,36384
E06000058,technical,24034
E06000058,admin,16486
E06000058,skilledTrade,20154
E06000058,service,19901
E06000058,sales,16046
E06000058,manual,11031
E06000058,elementary,17728
E06000059,management,24133
E06000059,professional,29063
E06000059,technical,21194
E06000059,admin,15632
E06000059,skilledTrade,23230
E06000059,service,17212
E06000059,sales,11930
E06000059,manual,9525
E06000059,elementary,15858
E06000060,management,50441
E06000060,professional,61466
E06000060,technical,40954
E06000060,admin,25760
E06000060,skilledTrade,25403
E06000060,service,21485
E06000060,sales,16538
E06000060,manual,12757
E06000060,elementary,18432
E06000061,management,21751
E06000061,professional,26861
E06000061,technical,20376
E06000061,admin,16768
E06000061,skilledTrade,19477
E06000061,service,15814
E06000061,sales,13354
E06000061,manual,17639
E06000061,elementary,26815
E06000062,management,28471
E06000062,professional,37897
E06000062,technical,27068
E06000062,admin,20833
E06000062,skilledTrade,21932
E06000062,service,18001
E06000062,sales,14527
E06000062,manual,16341
E06000062,elementary,30925
E07000008,management,7446
E07000008,professional,29962
E07000008,technical,8532
E07000008,admin,4096
E07000008,skilledTrade,3577
E07000008,service,4824
E07000008,sales,3444
E07000008,manual,2374
E07000008,elementary,6343
E07000009,management,6481
E07000009,professional,9649
E07000009,technical,6118
E07000009,admin,4221
E07000009,skilledTrade,5026
E07000009,service,4144
E07000009,sales,2585
E07000009,manual,2804
E07000009,elementary,3667
E07000010,management,5028
E07000010,professional,5248
E07000010,technical,5157
E07000010,admin,4115
E07000010,skilledTrade,6175
E07000010,service,4963
E07000010,sales,3505
E07000010,manual,6615
E07000010,elementary,6302
E07000011,management,13200
E07000011,professional,18416
E07000011,technical,13493
E07000011,admin,9425
E07000011,skilledTrade,9129
E07000011,service,7496
E07000011,sales,6112
E07000011,manual,6414
E07000011,elementary,7706
E07000012,management,12816
E07000012,professional,26002
E07000012,technical,11201
E07000012,admin,6957
E07000012,skilledTrade,7037
E07000012,service,5938
E07000012,sales,3902
E07000012,manual,3129
E07000012,elementary,5285
E07000026,management,4706
E07000026,professional,7009
E07000026,technical,4719
E07000026,admin,3426
E07000026,skilledTrade,7104
E07000026,service,4687
E07000026,sales,3387
E07000026,manual,4250
E07000026,elementary,4945
E07000027,management,2492
E07000027,professional,5711
E07000027,technical,3840
E07000027,admin,2441
E07000027,skilledTrade,4736
E07000027,service,3566
E07000027,sales,2520
E07000027,manual,2301
E07000027,elementary,3576
E07000028,management,5484
E07000028,professional,7894
E07000028,technical,5344
E07000028,admin,4792
E07000028,skilledTrade,6818
E07000028,service,5251
E07000028,sales,4589
E07000028,manual,6291
E07000028,elementary,6485
E07000029,management,2807
E07000029,professional,5181
E07000029,technical,4124
E07000029,admin,2443
E07000029,skilledTrade,4328
E07000029,service,2943
E07000029,sales,2032
E07000029,manual,2965
E07000029,elementary,3747
E07000030,management,3671
E07000030,professional,3792
E07000030,technical,2700
E07000030,admin,2095
E07000030,skilledTrade,4960
E07000030,service,2364
E07000030,sales,2077
E07000030,manual,2432
E07000030,elementary,3242
E07000031,management,7534
E07000031,professional,9048
E07000031,technical,5431
E07000031,admin,3865
E07000031,skilledTrade,7832
E07000031,service,4555
E07000031,sales,3813
E07000031,manual,2664
E07000031,elementary,5395
E07000032,management,7635
E07000032,professional,10404
E07000032,technical,7440
E07000032,admin,5461
E07000032,skilledTrade,7697
E07000032,service,5428
E07000032,sales,4428
E07000032,manual,5454
E07000032,elementary,6224
E07000033,management,3841
E07000033,professional,5001
E07000033,technical,3924
E07000033,admin,3409
E07000033,skilledTrade,4661
E07000033,service,4388
E07000033,sales,3206
E07000033,manual,3863
E07000033,elementary,5810
E07000034,management,4995
E07000034,professional,7994
E07000034,technical,5317
E07000034,admin,4528
E07000034,skilledTrade,5337
E07000034,service,5679
E07000034,sales,4290
E07000034,manual,3865
E07000034,elementary,5527
E07000035,management,5537
E07000035,professional,6783
E07000035,technical,3701
E07000035,admin,2802
E07000035,skilledTrade,4545
E07000035,service,2650
E07000035,sales,1875
E07000035,manual,2275
E07000035,elementary,3062
E07000036,management,6133
E07000036,professional,9102
E07000036,technical,6609
E07000036,admin,5418
E07000036,skilledTrade,6881
E07000036,service,5028
E07000036,sales,4547
E07000036,manual,4747
E07000036,elementary,6502
E07000037,management,5873
E07000037,professional,8839
E07000037,technical,5598
E07000037,admin,3694
E07000037,skilledTrade,5209
E07000037,service,4453
E07000037,sales,3120
E07000037,manual,3593
E07000037,elementary,4235
E07000038,management,6028
E07000038,professional,8011
E07000038,technical,5492
E07000038,admin,4610
E07000038,skilledTrade,5813
E07000038,service,4639
E07000038,sales,3731
E07000038,manual,3527
E07000038,elementary,4712
E07000039,management,7651
E07000039,professional,10303
E07000039,technical,6889
E07000039,admin,5007
E07000039,skilledTrade,5736
E07000039,service,4688
E07000039,sales,3607
E07000039,manual,4674
E07000039,elementary,5350
E07000040,management,9434
E07000040,professional,11683
E07000040,technical,8240
E07000040,admin,5925
E07000040,skilledTrade,9147
E07000040,service,7043
E07000040,sales,5259
E07000040,manual,3597
E07000040,elementary,6399
E07000041,management,5846
E07000041,professional,14748
E07000041,technical,7326
E07000041,admin,5305
E07000041,skilledTrade,5353
E07000041,service,5803
E07000041,sales,5109
E07000041,manual,3654
E07000041,elementary,6555
E07000042,management,5312
E07000042,professional,6482
E07000042,technical,4430
E07000042,admin,3586
E07000042,skilledTrade,6041
E07000042,service,3907
E07000042,sales,3127
E07000042,manual,3277
E07000042,elementary,4121
E07000043,management,5749
E07000043,professional,6898
E07000043,technical,5067
E07000043,admin,3618
E07000043,skilledTrade,7162
E07000043,service,4874
E07000043,sales,3406
E07000043,manual,3237
E07000043,elementary,5152
E07000044,management,6738
E07000044,professional,8286
E07000044,technical,5137
E07000044,admin,3261
E07000044,skilledTrade,6131
E07000044,service,3274
E07000044,sales,2680
E07000044,manual,1729
E07000044,elementary,3346
E07000045,management,8403
E07000045,professional,11561
E07000045,technical,7544
E07000045,admin,5507
E07000045,skilledTrade,8125
E07000045,service,6677
E07000045,sales,4663
E07000045,manual,3910
E07000045,elementary,5748
E07000046,management,3595
E07000046,professional,3801
E07000046,technical,2900
E07000046,admin,2524
E07000046,skilledTrade,5648
E07000046,service,3723
E07000046,sales,2332
E07000046,manual,2211
E07000046,elementary,3319
E07000047,management,3458
E07000047,professional,4444
E07000047,technical,2889
E07000047,admin,2122
E07000047,skilledTrade,4264
E07000047,service,2456
E07000047,sales,1751
E07000047,manual,1529
E07000047,elementary,2471
E07000061,management,4928
E07000061,professional,7784
E07000061,technical,5138
E07000061,admin,3906
E07000061,skilledTrade,4792
E07000061,service,6068
E07000061,sales,3769
E07000061,manual,2554
E07000061,elementary,4893
E07000062,management,4437
E07000062,professional,6752
E07000062,technical,5489
E07000062,admin,3816
E07000062,skilledTrade,5063
E07000062,service,5531
E07000062,sales,3410
E07000062,manual,2558
E07000062,elementary,3843
E07000063,management,6557
E07000063,professional,8783
E07000063,technical,6518
E07000063,admin,3919
E07000063,skilledTrade,5301
E07000063,service,4522
E07000063,sales,2991
E07000063,manual,2322
E07000063,elementary,3594
E07000064,management,5866
E07000064,professional,6478
E07000064,technical,4725
E07000064,admin,3745
E07000064,skilledTrade,5289
E07000064,service,4322
E07000064,sales,2671
E07000064,manual,1827
E07000064,elementary,3011
E07000065,management,12879
E07000065,professional,13625
E07000065,technical,10220
E07000065,admin,7390
E07000065,skilledTrade,9736
E07000065,service,7230
E07000065,sales,4892
E07000065,manual,3119
E07000065,elementary,5454
E07000066,management,10880
E07000066,professional,15369
E07000066,technical,11530
E07000066,admin,10680
E07000066,skilledTrade,9967
E07000066,service,7924
E07000066,sales,6581
E07000066,manual,6499
E07000066,elementary,9581
E07000067,management,10693
E07000067,professional,12192
E07000067,technical,10303
E07000067,admin,7892
E07000067,skilledTrade,9669
E07000067,service,7290
E07000067,sales,5565
E07000067,manual,5335
E07000067,elementary,7343
E07000068,management,7010
E07000068,professional,8922
E07000068,technical,6046
E07000068,admin,4613
E07000068,skilledTrade,3263
E07000068,service,2536
E07000068,sales,1878
E07000068,manual,1496
E07000068,elementary,2137
E07000069,management,5373
E07000069,professional,5837
E07000069,technical,5381
E07000069,admin,5352
E07000069,skilledTrade,5501
E07000069,service,3806
E07000069,sales,3106
E07000069,manual,3152
E07000069,elementary,3498
E07000070,management,13598
E07000070,professional,20713
E07000070,technical,13126
E07000070,admin,9815
E07000070,skilledTrade,8348
E07000070,service,6873
E07000070,sales,5736
E07000070,manual,4399
E07000070,elementary,7254
E07000071,management,11921
E07000071,professional,18906
E07000071,technical,13059
E07000071,admin,8486
E07000071,skilledTrade,9315
E07000071,service,9682
E07000071,sales,6866
E07000071,manual,5425
E07000071,elementary,8355
E07000072,management,12368
E07000072,professional,13155
E07000072,technical,9395
E07000072,admin,7991
E07000072,skilledTrade,6959
E07000072,service,4587
E07000072,sales,3561
E07000072,manual,3371
E07000072,elementary,4409
E07000073,management,4808
E07000073,professional,6889
E07000073,technical,5202
E07000073,admin,4968
E07000073,skilledTrade,5411
E07000073,service,4800
E07000073,sales,3669
E07000073,manual,4302
E07000073,elementary,5932
E07000074,management,5186
E07000074,professional,4980
E07000074,technical,4132
E07000074,admin,3538
E07000074,skilledTrade,4224
E07000074,service,2414
E07000074,sales,2192
E07000074,manual,1974
E07000074,elementary,2615
E07000075,management,5903
E07000075,professional,7360
E07000075,technical,6021
E07000075,admin,5392
E07000075,skilledTrade,4730
E07000075,service,3317
E07000075,sales,2677
E07000075,manual,2329
E07000075,elementary,2929
E07000076,management,7191
E07000076,professional,7457
E07000076,technical,6596
E07000076,admin,5591
E07000076,skilledTrade,8071
E07000076,service,7829
E07000076,sales,5007
E07000076,manual,4518
E07000076,elementary,6020
E07000077,management,8868
E07000077,professional,9467
E07000077,technical,7026
E07000077,admin,4584
E07000077,skilledTrade,4670
E07000077,service,3478
E07000077,sales,2525
E07000077,manual,2101
E07000077,elementary,3024
E07000078,management,7892
E07000078,professional,14593
E07000078,technical,7823
E07000078,admin,6836
E07000078,skilledTrade,4921
E07000078,service,4702
E07000078,sales,4264
E07000078,manual,2805
E07000078,elementary,5322
E07000079,management,8540
E07000079,professional,8375
E07000079,technical,5834
E07000079,admin,3804
E07000079,skilledTrade,5403
E07000079,service,3585
E07000079,sales,2872
E07000079,manual,1972
E07000079,elementary,3694
E07000080,management,5126
E07000080,professional,6221
E07000080,technical,4875
E07000080,admin,3797
E07000080,skilledTrade,5815
E07000080,service,4347
E07000080,sales,2677
E07000080,manual,3192
E07000080,elementary,3942
E07000081,management,6245
E07000081,professional,10844
E07000081,technical,8019
E07000081,admin,7174
E07000081,skilledTrade,7208
E07000081,service,7580
E07000081,sales,5648
E07000081,manual,5576
E07000081,elementary,7327
E07000082,management,8984
E07000082,professional,12574
E07000082,technical,8210
E07000082,admin,5380
E07000082,skilledTrade,7354
E07000082,service,5190
E07000082,sales,3714
E07000082,manual,3617
E07000082,elementary,4895
E07000083,management,6696
E07000083,professional,9517
E07000083,technical,6392
E07000083,admin,5693
E07000083,skilledTrade,4804
E07000083,service,3883
E07000083,sales,3168
E07000083,manual,2790
E07000083,elementary,3581
E07000084,management,13857
E07000084,professional,21125
E07000084,technical,14431
E07000084,admin,9512
E07000084,skilledTrade,9272
E07000084,service,8282
E07000084,sales,6553
E07000084,manual,5349
E07000084,elementary,8592
E07000085,management,10897
E07000085,professional,13136
E07000085,technical,8701
E07000085,admin,5745
E07000085,skilledTrade,6989
E07000085,service,5778
E07000085,sales,3536
E07000085,manual,2617
E07000085,elementary,4333
E07000086,management,9404
E07000086,professional,14903
E07000086,technical,9932
E07000086,admin,7344
E07000086,skilledTrade,7603
E07000086,service,6187
E07000086,sales,5050
E07000086,manual,3863
E07000086,elementary,5229
E07000087,management,7953
E07000087,professional,11632
E07000087,technical,9159
E07000087,admin,6154
E07000087,skilledTrade,5586
E07000087,service,4593
E07000087,sales,3940
E07000087,manual,2611
E07000087,elementary,4003
E07000088,management,4077
E07000088,professional,5272
E07000088,technical,5804
E07000088,admin,4031
E07000088,skilledTrade,4766
E07000088,service,4610
E07000088,sales,3170
E07000088,manual,2593
E07000088,elementary,4161
E07000089,management,9507
E07000089,professional,11749
E07000089,technical,8737
E07000089,admin,4762
E07000089,skilledTrade,4544
E07000089,service,3698
E07000089,sales,2774
E07000089,manual,1769
E07000089,elementary,2905
E07000090,management,6844
E07000090,professional,9199
E07000090,technical,6950
E07000090,admin,5286
E07000090,skilledTrade,7625
E07000090,service,6126
E07000090,sales,4696
E07000090,manual,4018
E07000090,elementary,5624
E07000091,management,11997
E07000091,professional,13956
E07000091,technical,9927
E07000091,admin,7715
E07000091,skilledTrade,9971
E07000091,service,8252
E07000091,sales,5386
E07000091,manual,4498
E07000091,elementary,7000
E07000092,management,6008
E07000092,professional,9262
E07000092,technical,8137
E07000092,admin,5072
E07000092,skilledTrade,5452
E07000092,service,5980
E07000092,sales,4017
E07000092,manual,3118
E07000092,elementary,5968
E07000093,management,10383
E07000093,professional,13522
E07000093,technical,9305
E07000093,admin,7023
E07000093,skilledTrade,6516
E07000093,service,5275
E07000093,sales,4160
E07000093,manual,3896
E07000093,elementary,5781
E07000094,management,11084
E07000094,professional,16313
E07000094,technical,8850
E07000094,admin,5069
E07000094,skilledTrade,5066
E07000094,service,4368
E07000094,sales,3320
E07000094,manual,2038
E07000094,elementary,4466
E07000095,management,6696
E07000095,professional,7767
E07000095,technical,6405
E07000095,admin,5835
E07000095,skilledTrade,5806
E07000095,service,4033
E07000095,sales,3455
E07000095,manual,3637
E07000095,elementary,4672
E07000096,management,12798
E07000096,professional,16172
E07000096,technical,11749
E07000096,admin,7353
E07000096,skilledTrade,7396
E07000096,service,6181
E07000096,sales,4949
E07000096,manual,3979
E07000096,elementary,6622
E07000098,management,9198
E07000098,professional,12243
E07000098,technical,7478
E07000098,admin,5665
E07000098,skilledTrade,4607
E07000098,service,4296
E07000098,sales,2997
E07000098,manual,2583
E07000098,elementary,3699
E07000099,management,10803
E07000099,professional,17135
E07000099,technical,10326
E07000099,admin,5895
E07000099,skilledTrade,5838
E07000099,service,4991
E07000099,sales,4105
E07000099,manual,3290
E07000099,elementary,4778
E07000102,management,8784
E07000102,professional,11673
E07000102,technical,6916
E07000102,admin,4805
E07000102,skilledTrade,4157
E07000102,service,3421
E07000102,sales,2369
E07000102,manual,1887
E07000102,elementary,2936
E07000103,management,6703
E07000103,professional,12278
E07000103,technical,7136
E07000103,admin,4928
E07000103,skilledTrade,4916
E07000103,service,4570
E07000103,sales,3774
E07000103,manual,3224
E07000103,elementary,5330
E07000105,management,9171
E07000105,professional,11751
E07000105,technical,8251
E07000105,admin,5811
E07000105,skilledTrade,7322
E07000105,service,5812
E07000105,sales,4895
E07000105,manual,4350
E07000105,elementary,6253
E07000106,management,8502
E07000106,professional,14588
E07000106,technical,8689
E07000106,admin,5530
E07000106,skilledTrade,6890
E07000106,service,6524
E07000106,sales,5248
E07000106,manual,3466
E07000106,elementary,6727
E07000107,management,7555
E07000107,professional,12101
E07000107,technical,7748
E07000107,admin,6827
E07000107,skilledTrade,6203
E07000107,service,4860
E07000107,sales,4068
E07000107,manual,4062
E07000107,elementary,5400
E07000108,management,5998
E07000108,professional,7795
E07000108,technical,7505
E07000108,admin,4774
E07000108,skilledTrade,5860
E07000108,service,6303
E07000108,sales,3913
E07000108,manual,3737
E07000108,elementary,5041
E07000109,management,6005
E07000109,professional,7846
E07000109,technical,6125
E07000109,admin,5188
E07000109,skilledTrade,5590
E07000109,service,4639
E07000109,sales,3797
E07000109,manual,4387
E07000109,elementary,6184
E07000110,management,12732
E07000110,professional,15817
E07000110,technical,12106
E07000110,admin,8635
E07000110,skilledTrade,9423
E07000110,service,7124
E07000110,sales,5894
E07000110,manual,5939
E07000110,elementary,8737
E07000111,management,10668
E07000111,professional,12361
E07000111,technical,8215
E07000111,admin,5812
E07000111,skilledTrade,5892
E07000111,service,4078
E07000111,sales,3208
E07000111,manual,2463
E07000111,elementary,3685
E07000112,management,6167
E07000112,professional,7610
E07000112,technical,6934
E07000112,admin,4324
E07000112,skilledTrade,5592
E07000112,service,5681
E07000112,sales,3962
E07000112,manual,3132
E07000112,elementary,4415
E07000113,management,8539
E07000113,professional,10281
E07000113,technical,9022
E07000113,admin,6850
E07000113,skilledTrade,8591
E07000113,service,6482
E07000113,sales,4882
E07000113,manual,6269
E07000113,elementary,8287
E07000114,management,7096
E07000114,professional,9544
E07000114,technical,7433
E07000114,admin,5135
E07000114,skilledTrade,6913
E07000114,service,7762
E07000114,sales,4916
E07000114,manual,4083
E07000114,elementary,6308
E07000115,management,10664
E07000115,professional,13058
E07000115,technical,9610
E07000115,admin,6728
E07000115,skilledTrade,6666
E07000115,service,5106
E07000115,sales,4187
E07000115,manual,3346
E07000115,elementary,5059
E07000116,management,10209
E07000116,professional,13095
E07000116,technical,8175
E07000116,admin,4905
E07000116,skilledTrade,5128
E07000116,service,4438
E07000116,sales,3608
E07000116,manual,2098
E07000116,elementary,4239
E07000117,management,3652
E07000117,professional,5577
E07000117,technical,4284
E07000117,admin,3490
E07000117,skilledTrade,4778
E07000117,service,4775
E07000117,sales,3536
E07000117,manual,4088
E07000117,elementary,5858
E07000118,management,8036
E07000118,professional,11870
E07000118,technical,7928
E07000118,admin,5443
E07000118,skilledTrade,5815
E07000118,service,5299
E07000118,sales,3877
E07000118,manual,3793
E07000118,elementary,5183
E07000119,management,5208
E07000119,professional,7685
E07000119,technical,4893
E07000119,admin,3623
E07000119,skilledTrade,3503
E07000119,service,3423
E07000119,sales,2478
E07000119,manual,1953
E07000119,elementary,2946
E07000120,management,3346
E07000120,professional,4984
E07000120,technical,3955
E07000120,admin,3297
E07000120,skilledTrade,4671
E07000120,service,4414
E07000120,sales,3263
E07000120,manual,3847
E07000120,elementary,3850
E07000121,management,6581
E07000121,professional,12488
E07000121,technical,7430
E07000121,admin,4961
E07000121,skilledTrade,7340
E07000121,service,7516
E07000121,sales,5024
E07000121,manual,4483
E07000121,elementary,6578
E07000122,management,4070
E07000122,professional,5701
E07000122,technical,4083
E07000122,admin,3159
E07000122,skilledTrade,5373
E07000122,service,4135
E07000122,sales,3673
E07000122,manual,4558
E07000122,elementary,4871
E07000123,management,6171
E07000123,professional,12745
E07000123,technical,7639
E07000123,admin,6669
E07000123,skilledTrade,6043
E07000123,service,7165
E07000123,sales,6057
E07000123,manual,5574
E07000123,elementary,8571
E07000124,management,5125
E07000124,professional,6818
E07000124,technical,3989
E07000124,admin,2681
E07000124,skilledTrade,3772
E07000124,service,2522
E07000124,sales,1645
E07000124,manual,1662
E07000124,elementary,2171
E07000125,management,4316
E07000125,professional,6256
E07000125,technical,4366
E07000125,admin,2762
E07000125,skilledTrade,3993
E07000125,service,3508
E07000125,sales,2598
E07000125,manual,2448
E07000125,elementary,2869
E07000126,management,6556
E07000126,professional,10836
E07000126,technical,7565
E07000126,admin,6042
E07000126,skilledTrade,6115
E07000126,service,5029
E07000126,sales,4207
E07000126,manual,3791
E07000126,elementary,4570
E07000127,management,7088
E07000127,professional,9972
E07000127,technical,6289
E07000127,admin,4921
E07000127,skilledTrade,5499
E07000127,service,5222
E07000127,sales,4121
E07000127,manual,4357
E07000127,elementary,6077
E07000128,management,5996
E07000128,professional,8584
E07000128,technical,5679
E07000128,admin,5727
E07000128,skilledTrade,5959
E07000128,service,5089
E07000128,sales,3469
E07000128,manual,3136
E07000128,elementary,4196
E07000129,management,6656
E07000129,professional,9936
E07000129,technical,7193
E07000129,admin,5417
E07000129,skilledTrade,6194
E07000129,service,4448
E07000129,sales,3623
E07000129,manual,3398
E07000129,elementary,4581
E07000130,management,11078
E07000130,professional,17495
E07000130,technical,11622
E07000130,admin,7932
E07000130,skilledTrade,9048
E07000130,service,7449
E07000130,sales,6172
E07000130,manual,5826
E07000130,elementary,8178
E07000131,management,8799
E07000131,professional,10831
E07000131,technical,6993
E07000131,admin,4486
E07000131,skilledTrade,5046
E07000131,service,3500
E07000131,sales,2903
E07000131,manual,2358
E07000131,elementary,3856
E07000132,management,7756
E07000132,professional,10160
E07000132,technical,7534
E07000132,admin,5742
E07000132,skilledTrade,6364
E07000132,service,4821
E07000132,sales,3701
E07000132,manual,4050
E07000132,elementary,5761
E07000133,management,3880
E07000133,professional,4183
E07000133,technical,3095
E07000133,admin,2303
E07000133,skilledTrade,3236
E07000133,service,2370
E07000133,sales,1653
E07000133,manual,2156
E07000133,elementary,2590
E07000134,management,7305
E07000134,professional,8940
E07000134,technical,6845
E07000134,admin,4828
E07000134,skilledTrade,5962
E07000134,service,4407
E07000134,sales,3642
E07000134,manual,4481
E07000134,elementary,5551
E07000135,management,2997
E07000135,professional,5815
E07000135,technical,3255
E07000135,admin,2784
E07000135,skilledTrade,2437
E07000135,service,2439
E07000135,sales,2093
E07000135,manual,1793
E07000135,elementary,2376
E07000136,management,2843
E07000136,professional,3598
E07000136,technical,2475
E07000136,admin,2550
E07000136,skilledTrade,3702
E07000136,service,3403
E07000136,sales,2631
E07000136,manual,6272
E07000136,elementary,6157
E07000137,management,7297
E07000137,professional,6788
E07000137,technical,5789
E07000137,admin,4710
E07000137,skilledTrade,8050
E07000137,service,6604
E07000137,sales,4795
E07000137,manual,4720
E07000137,elementary,6826
E07000138,management,3745
E07000138,professional,7225
E07000138,technical,5172
E07000138,admin,3728
E07000138,skilledTrade,4649
E07000138,service,5323
E07000138,sales,4922
E07000138,manual,4893
E07000138,elementary,7061
E07000139,management,7665
E07000139,professional,9946
E07000139,technical,8580
E07000139,admin,6036
E07000139,skilledTrade,6556
E07000139,service,5561
E07000139,sales,3753
E07000139,manual,3915
E07000139,elementary,4880
E07000140,management,5190
E07000140,professional,4964
E07000140,technical,4162
E07000140,admin,4082
E07000140,skilledTrade,5993
E07000140,service,4130
E07000140,sales,3254
E07000140,manual,6976
E07000140,elementary,6485
E07000141,management,9865
E07000141,professional,11819
E07000141,technical,8785
E07000141,admin,6339
E07000141,skilledTrade,7790
E07000141,service,6337
E07000141,sales,4913
E07000141,manual,5193
E07000141,elementary,7153
E07000142,management,5742
E07000142,professional,7453
E07000142,technical,5085
E07000142,admin,3877
E07000142,skilledTrade,5323
E07000142,service,4337
E07000142,sales,3073
E07000142,manual,3324
E07000142,elementary,3923
E07000143,management,8022
E07000143,professional,8545
E07000143,technical,7596
E07000143,admin,5767
E07000143,skilledTrade,8759
E07000143,service,7031
E07000143,sales,4997
E07000143,manual,6821
E07000143,elementary,8100
E07000144,management,8232
E07000144,professional,11298
E07000144,technical,8134
E07000144,admin,6743
E07000144,skilledTrade,8066
E07000144,service,6117
E07000144,sales,5035
E07000144,manual,3832
E07000144,elementary,5132
E07000145,management,4037
E07000145,professional,4911
E07000145,technical,4127
E07000145,admin,3743
E07000145,skilledTrade,5220
E07000145,service,5347
E07000145,sales,3722
E07000145,manual,4277
E07000145,elementary,5752
E07000146,management,8301
E07000146,professional,9525
E07000146,technical,7527
E07000146,admin,6143
E07000146,skilledTrade,9702
E07000146,service,7568
E07000146,sales,5225
E07000146,manual,6888
E07000146,elementary,8344
E07000147,management,5718
E07000147,professional,5304
E07000147,technical,4227
E07000147,admin,3403
E07000147,skilledTrade,6875
E07000147,service,4957
E07000147,sales,3607
E07000147,manual,2753
E07000147,elementary,4815
E07000148,management,5633
E07000148,professional,14691
E07000148,technical,8202
E07000148,admin,5095
E07000148,skilledTrade,5904
E07000148,service,6762
E07000148,sales,6275
E07000148,manual,4545
E07000148,elementary,8613
E07000149,management,9422
E07000149,professional,14379
E07000149,technical,8817
E07000149,admin,6436
E07000149,skilledTrade,8206
E07000149,service,6212
E07000149,sales,4541
E07000149,manual,4116
E07000149,elementary,5620
E07000163,management,4021
E07000163,professional,5434
E07000163,technical,3268
E07000163,admin,2215
E07000163,skilledTrade,4105
E07000163,service,2280
E07000163,sales,1768
E07000163,manual,1538
E07000163,elementary,2503
E07000164,management,6726
E07000164,professional,8118
E07000164,technical,5576
E07000164,admin,4121
E07000164,skilledTrade,5891
E07000164,service,3593
E07000164,sales,2798
E07000164,manual,2504
E07000164,elementary,4078
E07000165,management,14164
E07000165,professional,16579
E07000165,technical,11440
E07000165,admin,6995
E07000165,skilledTrade,8239
E07000165,service,6697
E07000165,sales,5456
E07000165,manual,3426
E07000165,elementary,6689
E07000166,management,3558
E07000166,professional,3353
E07000166,technical,4603
E07000166,admin,2111
E07000166,skilledTrade,3542
E07000166,service,2222
E07000166,sales,1521
E07000166,manual,1350
E07000166,elementary,2419
E07000167,management,3875
E07000167,professional,3962
E07000167,technical,2728
E07000167,admin,2050
E07000167,skilledTrade,4374
E07000167,service,2527
E07000167,sales,1792
E07000167,manual,1875
E07000167,elementary,2777
E07000168,management,5495
E07000168,professional,6289
E07000168,technical,4630
E07000168,admin,3410
E07000168,skilledTrade,7213
E07000168,service,5607
E07000168,sales,4047
E07000168,manual,3746
E07000168,elementary,6113
E07000169,management,6840
E07000169,professional,8419
E07000169,technical,6274
E07000169,admin,4263
E07000169,skilledTrade,5162
E07000169,service,3713
E07000169,sales,3360
E07000169,manual,3794
E07000169,elementary,4302
E07000170,management,5645
E07000170,professional,8128
E07000170,technical,6422
E07000170,admin,5599
E07000170,skilledTrade,7766
E07000170,service,6339
E07000170,sales,5161
E07000170,manual,5640
E07000170,elementary,7730
E07000171,management,6836
E07000171,professional,7967
E07000171,technical,5934
E07000171,admin,4581
E07000171,skilledTrade,6525
E07000171,service,5745
E07000171,sales,4164
E07000171,manual,6039
E07000171,elementary,7128
E07000172,management,5830
E07000172,professional,12754
E07000172,technical,6868
E07000172,admin,4992
E07000172,skilledTrade,5181
E07000172,service,3961
E07000172,sales,3873
E07000172,manual,3320
E07000172,elementary,5137
E07000173,management,7026
E07000173,professional,11693
E07000173,technical,7670
E07000173,admin,5625
E07000173,skilledTrade,6236
E07000173,service,5203
E07000173,sales,4385
E07000173,manual,3360
E07000173,elementary,4989
E07000174,management,4976
E07000174,professional,6575
E07000174,technical,5462
E07000174,admin,4363
E07000174,skilledTrade,6299
E07000174,service,5826
E07000174,sales,4337
E07000174,manual,5093
E07000174,elementary,8436
E07000175,management,7801
E07000175,professional,9033
E07000175,technical,7048
E07000175,admin,4909
E07000175,skilledTrade,6617
E07000175,service,5750
E07000175,sales,4283
E07000175,manual,4817
E07000175,elementary,6859
E07000176,management,9946
E07000176,professional,17011
E07000176,technical,8403
E07000176,admin,4947
E07000176,skilledTrade,4264
E07000176,service,3644
E07000176,sales,3103
E07000176,manual,1975
E07000176,elementary,3685
E07000177,management,11634
E07000177,professional,16522
E07000177,technical,11364
E07000177,admin,7778
E07000177,skilledTrade,8701
E07000177,service,6661
E07000177,sales,6674
E07000177,manual,6628
E07000177,elementary,9010
E07000178,management,6732
E07000178,professional,26873
E07000178,technical,8620
E07000178,admin,4723
E07000178,skilledTrade,4607
E07000178,service,5985
E07000178,sales,4221
E07000178,manual,3724
E07000178,elementary,7844
E07000179,management,13483
E07000179,professional,18786
E07000179,technical,11387
E07000179,admin,6773
E07000179,skilledTrade,7522
E07000179,service,5575
E07000179,sales,4061
E07000179,manual,3325
E07000179,elementary,5564
E07000180,management,10709
E07000180,professional,19019
E07000180,technical,10630
E07000180,admin,6325
E07000180,skilledTrade,6780
E07000180,service,5179
E07000180,sales,3833
E07000180,manual,3345
E07000180,elementary,5044
E07000181,management,9428
E07000181,professional,12007
E07000181,technical,8946
E07000181,admin,5521
E07000181,skilledTrade,6745
E07000181,service,5105
E07000181,sales,3476
E07000181,manual,3170
E07000181,elementary,4525
E07000187,management,7979
E07000187,professional,9577
E07000187,technical,6931
E07000187,admin,4562
E07000187,skilledTrade,7408
E07000187,service,5517
E07000187,sales,4117
E07000187,manual,4075
E07000187,elementary,5503
E07000188,management,7220
E07000188,professional,8208
E07000188,technical,6219
E07000188,admin,5170
E07000188,skilledTrade,8235
E07000188,service,6307
E07000188,sales,4355
E07000188,manual,5497
E07000188,elementary,7936
E07000189,management,9784
E07000189,professional,12597
E07000189,technical,10060
E07000189,admin,7286
E07000189,skilledTrade,11811
E07000189,service,8469
E07000189,sales,6245
E07000189,manual,6253
E07000189,elementary,8426
E07000192,management,5429
E07000192,professional,6719
E07000192,technical,5789
E07000192,admin,4675
E07000192,skilledTrade,6953
E07000192,service,4814
E07000192,sales,4112
E07000192,manual,4597
E07000192,elementary,5788
E07000193,management,7247
E07000193,professional,9179
E07000193,technical,6301
E07000193,admin,5218
E07000193,skilledTrade,6264
E07000193,service,4862
E07000193,sales,4302
E07000193,manual,6532
E07000193,elementary,9415
E07000194,management,8452
E07000194,professional,10500
E07000194,technical,6694
E07000194,admin,4780
E07000194,skilledTrade,5392
E07000194,service,3775
E07000194,sales,3261
E07000194,manual,2983
E07000194,elementary,4635
E07000195,management,6024
E07000195,professional,10116
E07000195,technical,6659
E07000195,admin,5220
E07000195,skilledTrade,6606
E07000195,service,5791
E07000195,sales,4861
E07000195,manual,4433
E07000195,elementary,6972
E07000196,management,7795
E07000196,professional,9821
E07000196,technical,6626
E07000196,admin,5573
E07000196,skilledTrade,6343
E07000196,service,4038
E07000196,sales,3345
E07000196,manual,3039
E07000196,elementary,4119
E07000197,management,9092
E07000197,professional,13873
E07000197,technical,9161
E07000197,admin,6026
E07000197,skilledTrade,6473
E07000197,service,5498
E07000197,sales,4732
E07000197,manual,3950
E07000197,elementary,6963
E07000198,management,5913
E07000198,professional,7590
E07000198,technical,5325
E07000198,admin,3938
E07000198,skilledTrade,6543
E07000198,service,4484
E07000198,sales,3139
E07000198,manual,3743
E07000198,elementary,4360
E07000199,management,4191
E07000199,professional,4971
E07000199,technical,4398
E07000199,admin,3973
E07000199,skilledTrade,4125
E07000199,service,3320
E07000199,sales,3502
E07000199,manual,3982
E07000199,elementary,5693
E07000200,management,6371
E07000200,professional,7361
E07000200,technical,5784
E07000200,admin,4144
E07000200,skilledTrade,5688
E07000200,service,3946
E07000200,sales,3085
E07000200,manual,2671
E07000200,elementary,3907
E07000202,management,6066
E07000202,professional,11334
E07000202,technical,7906
E07000202,admin,6253
E07000202,skilledTrade,6834
E07000202,service,7133
E07000202,sales,6370
E07000202,manual,6347
E07000202,elementary,8783
E07000203,management,7402
E07000203,professional,8948
E07000203,technical,6776
E07000203,admin,4940
E07000203,skilledTrade,6553
E07000203,service,4341
E07000203,sales,3235
E07000203,manual,3403
E07000203,elementary,4426
E07000207,management,16432
E07000207,professional,17652
E07000207,technical,10820
E07000207,admin,5545
E07000207,skilledTrade,4189
E07000207,service,4495
E07000207,sales,3001
E07000207,manual,1828
E07000207,elementary,3018
E07000208,management,7020
E07000208,professional,10663
E07000208,technical,5958
E07000208,admin,4095
E07000208,skilledTrade,3242
E07000208,service,3304
E07000208,sales,2031
E07000208,manual,1404
E07000208,elementary,2192
E07000209,management,12141
E07000209,professional,18410
E07000209,technical,11207
E07000209,admin,5849
E07000209,skilledTrade,5682
E07000209,service,5465
E07000209,sales,4077
E07000209,manual,2338
E07000209,elementary,4605
E07000210,management,8321
E07000210,professional,10140
E07000210,technical,6392
E07000210,admin,4063
E07000210,skilledTrade,4156
E07000210,service,3429
E07000210,sales,2168
E07000210,manual,1285
E07000210,elementary,2387
E07000211,management,13005
E07000211,professional,18485
E07000211,technical,11393
E07000211,admin,7387
E07000211,skilledTrade,6461
E07000211,service,6726
E07000211,sales,4104
E07000211,manual,2957
E07000211,elementary,4607
E07000212,management,7078
E07000212,professional,9235
E07000212,technical,6344
E07000212,admin,4175
E07000212,skilledTrade,4010
E07000212,service,3716
E07000212,sales,2756
E07000212,manual,1872
E07000212,elementary,3271
E07000213,management,7477
E07000213,professional,10061
E07000213,technical,7719
E07000213,admin,6055
E07000213,skilledTrade,5064
E07000213,service,4417
E07000213,sales,3397
E07000213,manual,3250
E07000213,elementary,4099
E07000214,management,8378
E07000214,professional,10390
E07000214,technical,7054
E07000214,admin,4490
E07000214,skilledTrade,3889
E07000214,service,3743
E07000214,sales,2736
E07000214,manual,1824
E07000214,elementary,2859
E07000215,management,8361
E07000215,professional,9177
E07000215,technical,6669
E07000215,admin,4498
E07000215,skilledTrade,4144
E07000215,service,3565
E07000215,sales,2157
E07000215,manual,1679
E07000215,elementary,2326
E07000216,management,12671
E07000216,professional,15528
E07000216,technical,9256
E07000216,admin,4951
E07000216,skilledTrade,5301
E07000216,service,4737
E07000216,sales,3027
E07000216,manual,1710
E07000216,elementary,3541
E07000217,management,8666
E07000217,professional,13423
E07000217,technical,7777
E07000217,admin,4879
E07000217,skilledTrade,4298
E07000217,service,4299
E07000217,sales,3190
E07000217,manual,2500
E07000217,elementary,3709
E07000218,management,4243
E07000218,professional,4816
E07000218,technical,3928
E07000218,admin,3331
E07000218,skilledTrade,3752
E07000218,service,2721
E07000218,sales,2218
E07000218,manual,2814
E07000218,elementary,3931
E07000219,management,6264
E07000219,professional,9985
E07000219,technical,7477
E07000219,admin,6311
E07000219,skilledTrade,6608
E07000219,service,6224
E07000219,sales,4976
E07000219,manual,6108
E07000219,elementary,9161
E07000220,management,7546
E07000220,professional,11798
E07000220,technical,7302
E07000220,admin,5262
E07000220,skilledTrade,4954
E07000220,service,4137
E07000220,sales,3762
E07000220,manual,4483
E07000220,elementary,8862
E07000221,management,12363
E07000221,professional,14213
E07000221,technical,9233
E07000221,admin,5890
E07000221,skilledTrade,7299
E07000221,service,4777
E07000221,sales,4247
E07000221,manual,2897
E07000221,elementary,5317
E07000222,management,11452
E07000222,professional,21877
E07000222,technical,10382
E07000222,admin,5851
E07000222,skilledTrade,5590
E07000222,service,4920
E07000222,sales,4299
E07000222,manual,3013
E07000222,elementary,5364
E07000223,management,3733
E07000223,professional,5345
E07000223,technical,4216
E07000223,admin,2823
E07000223,skilledTrade,3820
E07000223,service,3115
E07000223,sales,2411
E07000223,manual,1807
E07000223,elementary,2555
E07000224,management,9715
E07000224,professional,10532
E07000224,technical,8549
E07000224,admin,6840
E07000224,skilledTrade,9244
E07000224,service,8594
E07000224,sales,5833
E07000224,manual,5525
E07000224,elementary,8359
E07000225,management,9565
E07000225,professional,11241
E07000225,technical,8152
E07000225,admin,4530
E07000225,skilledTrade,6561
E07000225,service,5243
E07000225,sales,3640
E07000225,manual,2478
E07000225,elementary,4956
E07000226,management,5955
E07000226,professional,8798
E07000226,technical,7254
E07000226,admin,5770
E07000226,skilledTrade,5330
E07000226,service,6828
E07000226,sales,5601
E07000226,manual,5531
E07000226,elementary,7836
E07000227,management,12689
E07000227,professional,15238
E07000227,technical,11458
E07000227,admin,6842
E07000227,skilledTrade,7090
E07000227,service,6338
E07000227,sales,4557
E07000227,manual,2994
E07000227,elementary,4961
E07000228,management,13156
E07000228,professional,17539
E07000228,technical,11989
E07000228,admin,7231
E07000228,skilledTrade,6878
E07000228,service,6923
E07000228,sales,4567
E07000228,manual,3009
E07000228,elementary,5280
E07000229,management,6680
E07000229,professional,10711
E07000229,technical,7625
E07000229,admin,5279
E07000229,skilledTrade,5627
E07000229,service,6159
E07000229,sales,4024
E07000229,manual,2875
E07000229,elementary,4577
E07000234,management,8088
E07000234,professional,11774
E07000234,technical,6463
E07000234,admin,4697
E07000234,skilledTrade,4735
E07000234,service,3672
E07000234,sales,2569
E07000234,manual,2120
E07000234,elementary,3169
E07000235,management,5950
E07000235,professional,7718
E07000235,technical,4400
E07000235,admin,3280
E07000235,skilledTrade,4441
E07000235,service,3133
E07000235,sales,2248
E07000235,manual,1849
E07000235,elementary,2781
E07000236,management,4719
E07000236,professional,6675
E07000236,technical,5027
E07000236,admin,4125
E07000236,skilledTrade,5060
E07000236,service,3832
E07000236,sales,3569
E07000236,manual,4678
E07000236,elementary,5007
E07000237,management,5584
E07000237,professional,10280
E07000237,technical,6689
E07000237,admin,4794
E07000237,skilledTrade,4867
E07000237,service,5125
E07000237,sales,4140
E07000237,manual,4106
E07000237,elementary,6044
E07000238,management,10301
E07000238,professional,11442
E07000238,technical,7893
E07000238,admin,5973
E07000238,skilledTrade,7366
E07000238,service,5448
E07000238,sales,4537
E07000238,manual,4709
E07000238,elementary,5991
E07000239,management,5831
E07000239,professional,7070
E07000239,technical,5264
E07000239,admin,4333
E07000239,skilledTrade,6005
E07000239,service,4925
E07000239,sales,3770
E07000239,manual,3760
E07000239,elementary,4828
E07000240,management,15131
E07000240,professional,22216
E07000240,technical,11484
E07000240,admin,5914
E07000240,skilledTrade,4350
E07000240,service,4420
E07000240,sales,3434
E07000240,manual,2118
E07000240,elementary,3804
E07000241,management,8411
E07000241,professional,12148
E07000241,technical,7923
E07000241,admin,5630
E07000241,skilledTrade,5136
E07000241,service,4982
E07000241,sales,4603
E07000241,manual,3191
E07000241,elementary,6125
E07000242,management,13957
E07000242,professional,17041
E07000242,technical,12088
E07000242,admin,7727
E07000242,skilledTrade,7108
E07000242,service,5869
E07000242,sales,4148
E07000242,manual,3418
E07000242,elementary,5168
E07000243,management,4848
E07000243,professional,8727
E07000243,technical,6034
E07000243,admin,4467
E07000243,skilledTrade,5145
E07000243,service,4603
E07000243,sales,3636
E07000243,manual,3369
E07000243,elementary,4631
E07000244,management,13786
E07000244,professional,16909
E07000244,technical,13244
E07000244,admin,10157
E07000244,skilledTrade,13291
E07000244,service,11322
E07000244,sales,8480
E07000244,manual,8182
E07000244,elementary,10995
E07000245,management,11402
E07000245,professional,14748
E07000245,technical,13094
E07000245,admin,8094
E07000245,skilledTrade,10962
E07000245,service,9252
E07000245,sales,5825
E07000245,manual,6778
E07000245,elementary,9464
E07000246,management,9103
E07000246,professional,13379
E07000246,technical,8695
E07000246,admin,6375
E07000246,skilledTrade,9242
E07000246,service,9051
E07000246,sales,5243
E07000246,manual,4792
E07000246,elementary,7415
E08000001,management,13286
E08000001,professional,21197
E08000001,technical,15019
E08000001,admin,12357
E08000001,skilledTrade,12663
E08000001,service,12393
E08000001,sales,12227
E08000001,manual,11486
E08000001,elementary,14810
E08000002,management,11113
E08000002,professional,18354
E08000002,technical,12059
E08000002,admin,9075
E08000002,skilledTrade,8038
E08000002,service,8482
E08000002,sales,7351
E08000002,manual,6042
E08000002,elementary,7971
E08000003,management,20368
E08000003,professional,55875
E08000003,technical,31626
E08000003,admin,18837
E08000003,skilledTrade,15576
E08000003,service,23595
E08000003,sales,21720
E08000003,manual,15035
E08000003,elementary,31651
E08000004,management,9616
E08000004,professional,14988
E08000004,technical,11314
E08000004,admin,9555
E08000004,skilledTrade,11144
E08000004,service,10613
E08000004,sales,8596
E08000004,manual,9362
E08000004,elementary,13019
E08000005,management,9745
E08000005,professional,15229
E08000005,technical,10969
E08000005,admin,9242
E08000005,skilledTrade,10016
E08000005,service,10293
E08000005,sales,7893
E08000005,manual,8665
E08000005,elementary,12407
E08000006,management,13594
E08000006,professional,26141
E08000006,technical,18314
E08000006,admin,13174
E08000006,skilledTrade,10448
E08000006,service,11882
E08000006,sales,11281
E08000006,manual,7786
E08000006,elementary,14987
E08000007,management,19060
E08000007,professional,34321
E08000007,technical,20204
E08000007,admin,14126
E08000007,skilledTrade,11754
E08000007,service,12151
E08000007,sales,11083
E08000007,manual,6958
E08000007,elementary,10149
E08000008,management,10510
E08000008,professional,15922
E08000008,technical,13385
E08000008,admin,11631
E08000008,skilledTrade,12334
E08000008,service,10883
E08000008,sales,10159
E08000008,manual,9628
E08000008,elementary,11202
E08000009,management,16656
E08000009,professional,32126
E08000009,technical,16379
E08000009,admin,10964
E08000009,skilledTrade,7641
E08000009,service,7792
E08000009,sales,7937
E08000009,manual,4475
E08000009,elementary,7588
E08000010,management,16153
E08000010,professional,25062
E08000010,technical,19252
E08000010,admin,15038
E08000010,skilledTrade,18014
E08000010,service,16478
E08000010,sales,12747
E08000010,manual,14327
E08000010,elementary,17543
E08000011,management,6008
E08000011,professional,10581
E08000011,technical,7912
E08000011,admin,7654
E08000011,skilledTrade,7330
E08000011,service,8359
E08000011,sales,6612
E08000011,manual,6685
E08000011,elementary,8350
E08000012,management,17700
E08000012,professional,42403
E08000012,technical,24736
E08000012,admin,21341
E08000012,skilledTrade,16279
E08000012,service,21874
E08000012,sales,19228
E08000012,manual,15241
E08000012,elementary,26948
E08000013,management,8359
E08000013,professional,14070
E08000013,technical,10274
E08000013,admin,8026
E08000013,skilledTrade,8658
E08000013,service,9171
E08000013,sales,6827
E08000013,manual,7319
E08000013,elementary,9919
E08000014,management,14013
E08000014,professional,23148
E08000014,technical,15549
E08000014,admin,14788
E08000014,skilledTrade,12126
E08000014,service,13734
E08000014,sales,10716
E08000014,manual,8653
E08000014,elementary,11870
E08000015,management,15549
E08000015,professional,27893
E08000015,technical,18147
E08000015,admin,14561
E08000015,skilledTrade,13501
E08000015,service,15613
E08000015,sales,11599
E08000015,manual,9649
E08000015,elementary,12990
E08000016,management,11251
E08000016,professional,15595
E08000016,technical,12169
E08000016,admin,9891
E08000016,skilledTrade,14042
E08000016,service,11382
E08000016,sales,10172
E08000016,manual,11579
E08000016,elementary,15599
E08000017,management,14029
E08000017,professional,17657
E08000017,technical,14672
E08000017,admin,12123
E08000017,skilledTrade,16094
E08000017,service,14191
E08000017,sales,12211
E08000017,manual,14155
E08000017,elementary,22724
E08000018,management,11944
E08000018,professional,17917
E08000018,technical,13092
E08000018,admin,11147
E08000018,skilledTrade,14872
E08000018,service,12344
E08000018,sales,11216
E08000018,manual,11374
E08000018,elementary,13895
E08000019,management,22723
E08000019,professional,56141
E08000019,technical,29427
E08000019,admin,21533
E08000019,skilledTrade,23579
E08000019,service,23309
E08000019,sales,21710
E08000019,manual,16095
E08000019,elementary,27493
E08000021,management,11448
E08000021,professional,30729
E08000021,technical,15060
E08000021,admin,11029
E08000021,skilledTrade,10037
E08000021,service,11694
E08000021,sales,12573
E08000021,manual,7906
E08000021,elementary,14602
E08000022,management,9927
E08000022,professional,21780
E08000022,technical,13362
E08000022,admin,10743
E08000022,skilledTrade,8704
E08000022,service,8832
E08000022,sales,9443
E08000022,manual,5848
E08000022,elementary,8627
E08000023,management,5586
E08000023,professional,10192
E08000023,technical,7793
E08000023,admin,6794
E08000023,skilledTrade,7005
E08000023,service,6809
E08000023,sales,6132
E08000023,manual,5662
E08000023,elementary,6537
E08000024,management,10421
E08000024,professional,17727
E08000024,technical,13207
E08000024,admin,12544
E08000024,skilledTrade,12235
E08000024,service,12309
E08000024,sales,13422
E08000024,manual,11645
E08000024,elementary,13641
E08000025,management,40972
E08000025,professional,93314
E08000025,technical,50205
E08000025,admin,41168
E08000025,skilledTrade,36872
E08000025,service,45362
E08000025,sales,36475
E08000025,manual,38618
E08000025,elementary,59431
E08000026,management,12956
E08000026,professional,28834
E08000026,technical,17300
E08000026,admin,13652
E08000026,skilledTrade,13277
E08000026,service,14380
E08000026,sales,12570
E08000026,manual,13271
E08000026,elementary,23905
E08000027,management,15322
E08000027,professional,24346
E08000027,technical,17362
E08000027,admin,15388
E08000027,skilledTrade,17996
E08000027,service,14043
E08000027,sales,12177
E08000027,manual,12838
E08000027,elementary,15169
E08000028,management,11162
E08000028,professional,19323
E08000028,technical,14486
E08000028,admin,13569
E08000028,skilledTrade,15431
E08000028,service,14996
E08000028,sales,12778
E08000028,manual,17351
E08000028,elementary,21976
E08000029,management,14975
E08000029,professional,23824
E08000029,technical,12966
E08000029,admin,10523
E08000029,skilledTrade,8318
E08000029,service,7498
E08000029,sales,6395
E08000029,manual,5550
E08000029,elementary,7890
E08000030,management,11430
E08000030,professional,17660
E08000030,technical,12590
E08000030,admin,11247
E08000030,skilledTrade,14409
E08000030,service,12276
E08000030,sales,10354
E08000030,manual,12558
E08000030,elementary,16012
E08000031,management,9649
E08000031,professional,17783
E08000031,technical,11566
E08000031,admin,10249
E08000031,skilledTrade,11420
E08000031,service,12262
E08000031,sales,9025
E08000031,manual,12623
E08000031,elementary,16732
E08000032,management,22188
E08000032,professional,37854
E08000032,technical,25366
E08000032,admin,21385
E08000032,skilledTrade,23080
E08000032,service,23590
E08000032,sales,20131
E08000032,manual,20912
E08000032,elementary,26631
E08000033,management,11521
E08000033,professional,18183
E08000033,technical,12703
E08000033,admin,9120
E08000033,skilledTrade,10426
E08000033,service,8829
E08000033,sales,6895
E08000033,manual,7165
E08000033,elementary,8539
E08000034,management,22814
E08000034,professional,34891
E08000034,technical,24630
E08000034,admin,17154
E08000034,skilledTrade,20975
E08000034,service,17830
E08000034,sales,15809
E08000034,manual,16929
E08000034,elementary,19055
E08000035,management,41589
E08000035,professional,85081
E08000035,technical,52009
E08000035,admin,35774
E08000035,skilledTrade,32376
E08000035,service,34684
E08000035,sales,29948
E08000035,manual,22576
E08000035,elementary,40027
E08000036,management,17223
E08000036,professional,24634
E08000036,technical,20031
E08000036,admin,15270
E08000036,skilledTrade,17587
E08000036,service,15735
E08000036,sales,13016
E08000036,manual,16680
E08000036,elementary,24465
E08000037,management,8448
E08000037,professional,16612
E08000037,technical,11006
E08000037,admin,8949
E08000037,skilledTrade,8581
E08000037,service,8793
E08000037,sales,8710
E08000037,manual,6950
E08000037,elementary,9469
E09000001,management,1104
E09000001,professional,2349
E09000001,technical,1027
E09000001,admin,267
E09000001,skilledTrade,97
E09000001,service,152
E09000001,sales,122
E09000001,manual,50
E09000001,elementary,178
E09000002,management,7786
E09000002,professional,15185
E09000002,technical,9279
E09000002,admin,8798
E09000002,skilledTrade,10957
E09000002,service,10934
E09000002,sales,7686
E09000002,manual,8964
E09000002,elementary,15000
E09000003,management,31481
E09000003,professional,50534
E09000003,technical,25626
E09000003,admin,16520
E09000003,skilledTrade,14478
E09000003,service,14342
E09000003,sales,10663
E09000003,manual,8394
E09000003,elementary,14137
E09000004,management,14498
E09000004,professional,23417
E09000004,technical,16138
E09000004,admin,15535
E09000004,skilledTrade,12291
E09000004,service,10333
E09000004,sales,8186
E09000004,manual,7430
E09000004,elementary,10155
E09000005,management,18700
E09000005,professional,31402
E09000005,technical,19463
E09000005,admin,13311
E09000005,skilledTrade,15838
E09000005,service,13901
E09000005,sales,13423
E09000005,manual,12932
E09000005,elementary,22027
E09000006,management,27845
E09000006,professional,43321
E09000006,technical,25707
E09000006,admin,17733
E09000006,skilledTrade,12787
E09000006,service,11212
E09000006,sales,8498
E09000006,manual,5867
E09000006,elementary,9152
E09000007,management,18247
E09000007,professional,35269
E09000007,technical,19193
E09000007,admin,6330
E09000007,skilledTrade,3781
E09000007,service,6279
E09000007,sales,5152
E09000007,manual,2963
E09000007,elementary,5299
E09000008,management,24114
E09000008,professional,43348
E09000008,technical,26739
E09000008,admin,19333
E09000008,skilledTrade,15968
E09000008,service,18250
E09000008,sales,13735
E09000008,manual,10765
E09000008,elementary,17155
E09000009,management,24147
E09000009,professional,39697
E09000009,technical,23951
E09000009,admin,14223
E09000009,skilledTrade,15555
E09000009,service,12912
E09000009,sales,12773
E09000009,manual,11767
E09000009,elementary,20000
E09000010,management,18297
E09000010,professional,29475
E09000010,technical,17729
E09000010,admin,13804
E09000010,skilledTrade,14397
E09000010,service,13986
E09000010,sales,10695
E09000010,manual,9440
E09000010,elementary,16041
E09000011,management,18826
E09000011,professional,35907
E09000011,technical,21127
E09000011,admin,11610
E09000011,skilledTrade,10735
E09000011,service,13290
E09000011,sales,9173
E09000011,manual,7183
E09000011,elementary,15083
E09000012,management,18646
E09000012,professional,40040
E09000012,technical,27603
E09000012,admin,9468
E09000012,skilledTrade,6468
E09000012,service,9742
E09000012,sales,7191
E09000012,manual,4530
E09000012,elementary,10624
E09000013,management,18326
E09000013,professional,29279
E09000013,technical,18574
E09000013,admin,6900
E09000013,skilledTrade,4493
E09000013,service,6803
E09000013,sales,5004
E09000013,manual,2711
E09000013,elementary,6006
E09000014,management,17168
E09000014,professional,33738
E09000014,technical,21842
E09000014,admin,9189
E09000014,skilledTrade,11265
E09000014,service,10419
E09000014,sales,8084
E09000014,manual,6027
E09000014,elementary,16651
E09000015,management,17524
E09000015,professional,31409
E09000015,technical,14526
E09000015,admin,12204
E09000015,skilledTrade,12184
E09000015,service,8624
E09000015,sales,9061
E09000015,manual,7806
E09000015,elementary,11702
E09000016,management,15438
E09000016,professional,24339
E09000016,technical,16717
E09000016,admin,16701
E09000016,skilledTrade,14375
E09000016,service,10294
E09000016,sales,8162
E09000016,manual,8058
E09000016,elementary,10697
E09000017,management,18524
E09000017,professional,30087
E09000017,technical,18036
E09000017,admin,14401
E09000017,skilledTrade,13152
E09000017,service,12044
E09000017,sales,10772
E09000017,manual,10752
E09000017,elementary,15035
E09000018,management,17914
E09000018,professional,27755
E09000018,technical,17668
E09000018,admin,12160
E09000018,skilledTrade,12138
E09000018,service,11345
E09000018,sales,11117
E09000018,manual,10067
E09000018,elementary,18636
E09000019,management,17439
E09000019,professional,39312
E09000019,technical,22879
E09000019,admin,7333
E09000019,skilledTrade,4945
E09000019,service,6756
E09000019,sales,5601
E09000019,manual,3496
E09000019,elementary,7211
E09000020,management,18485
E09000020,professional,19186
E09000020,technical,12294
E09000020,admin,4117
E09000020,skilledTrade,2221
E09000020,service,5064
E09000020,sales,3182
E09000020,manual,1678
E09000020,elementary,3214
E09000021,management,14674
E09000021,professional,23933
E09000021,technical,13140
E09000021,admin,7171
E09000021,skilledTrade,5769
E09000021,service,5947
E09000021,sales,5296
E09000021,manual,2854
E09000021,elementary,5364
E09000022,management,25695
E09000022,professional,55140
E09000022,technical,34580
E09000022,admin,12564
E09000022,skilledTrade,9463
E09000022,service,13130
E09000022,sales,8956
E09000022,manual,6187
E09000022,elementary,17104
E09000023,management,20155
E09000023,professional,41888
E09000023,technical,27269
E09000023,admin,11892
E09000023,skilledTrade,10473
E09000023,service,13363
E09000023,sales,9774
E09000023,manual,6369
E09000023,elementary,14530
E09000024,management,17692
E09000024,professional,29411
E09000024,technical,16337
E09000024,admin,9159
E09000024,skilledTrade,9115
E09000024,service,8623
E09000024,sales,7030
E09000024,manual,5202
E09000024,elementary,9496
E09000025,management,15522
E09000025,professional,32704
E09000025,technical,19608
E09000025,admin,12621
E09000025,skilledTrade,16496
E09000025,service,14189
E09000025,sales,14529
E09000025,manual,11822
E09000025,elementary,25954
E09000026,management,18627
E09000026,professional,34456
E09000026,technical,17250
E09000026,admin,14551
E09000026,skilledTrade,12846
E09000026,service,9843
E09000026,sales,10747
E09000026,manual,9229
E09000026,elementary,14078
E09000027,management,23031
E09000027,professional,30417
E09000027,technical,17549
E09000027,admin,6935
E09000027,skilledTrade,4478
E09000027,service,5468
E09000027,sales,3749
E09000027,manual,2187
E09000027,elementary,3752
E09000028,management,23109
E09000028,professional,51143
E09000028,technical,28878
E09000028,admin,11443
E09000028,skilledTrade,8030
E09000028,service,12816
E09000028,sales,8705
E09000028,manual,5990
E09000028,elementary,16833
E09000029,management,14604
E09000029,professional,25047
E09000029,technical,14218
E09000029,admin,11239
E09000029,skilledTrade,10383
E09000029,service,9022
E09000029,sales,6802
E09000029,manual,5380
E09000029,elementary,7527
E09000030,management,20628
E09000030,professional,49021
E09000030,technical,27819
E09000030,admin,11184
E09000030,skilledTrade,7508
E09000030,service,9276
E09000030,sales,10470
E09000030,manual,6949
E09000030,elementary,12537
E09000031,management,17473
E09000031,professional,32185
E09000031,technical,21194
E09000031,admin,11608
E09000031,skilledTrade,14037
E09000031,service,10474
E09000031,sales,9284
E09000031,manual,8341
E09000031,elementary,15776
E09000032,management,35827
E09000032,professional,61870
E09000032,technical,37329
E09000032,admin,13285
E09000032,skilledTrade,7838
E09000032,service,11073
E09000032,sales,8031
E09000032,manual,5178
E09000032,elementary,10011
E09000033,management,22858
E09000033,professional,31136
E09000033,technical,17588
E09000033,admin,6750
E09000033,skilledTrade,3481
E09000033,service,6187
E09000033,sales,5211
E09000033,manual,2781
E09000033,elementary,5750
